loop num, t, h, err, next_h
0, 0, 0.05, 7248.44, 0.00760613
1, 0.00760613, 0.00760613, 0.524349, 0.00778901
2, 0.00778901, 0.00778901, 0.590159, 0.00778988
3, 0.00778988, 0.00778988, 0.59559, 0.00777649
4, 0.00777649, 0.00777649, 0.601084, 0.00774888
5, 0.00774888, 0.00774888, 0.606656, 0.00770714
6, 0.00770714, 0.00770714, 0.612584, 0.00765072
7, 0.00765072, 0.00765072, 0.619551, 0.00757756
8, 0.00757756, 0.00757756, 0.629094, 0.00748219
9, 0.00748219, 0.00748219, 0.644364, 0.00735267
10, 0.00735267, 0.00735267, 0.670781, 0.00716756
11, 0.00716756, 0.00716756, 0.714314, 0.0068998
12, 0.0068998, 0.0068998, 0.77365, 0.00653687
13, 0.00653687, 0.00653687, 0.832609, 0.00610273
14, 0.00610273, 0.00610273, 0.871853, 0.00564518
15, 0.00564518, 0.00564518, 0.887441, 0.00520346
16, 0.00520346, 0.00520346, 0.887415, 0.00479634
17, 0.00479634, 0.00479634, 0.88004, 0.00442845
18, 0.00442845, 0.00442845, 0.869985, 0.00409819
19, 0.00409819, 0.00409819, 0.858946, 0.00380226
20, 0.00380226, 0.00380226, 0.842019, 0.00354176
21, 0.00354176, 0.00354176, 0.832399, 0.00330671
22, 0.00330671, 0.00330671, 0.82351, 0.00309389
23, 0.00309389, 0.00309389, 0.815052, 0.00290075
24, 0.00290075, 0.00290075, 0.806929, 0.00272512
25, 0.00272512, 0.00272512, 0.79906, 0.00256514
26, 0.00256514, 0.00256514, 0.79137, 0.00241924
27, 0.00241924, 0.00241924, 0.783791, 0.00228602
28, 0.00228602, 0.00228602, 0.776263, 0.00216432
29, 0.00216432, 0.00216432, 0.768644, 0.00205314
30, 0.00205314, 0.00205314, 0.760917, 0.00195162
31, 0.00195162, 0.00195162, 0.753219, 0.00185888
32, 0.00185888, 0.00185888, 0.745431, 0.00177424
33, 0.00177424, 0.00177424, 0.737556, 0.00169706
34, 0.00169706, 0.00169706, 0.72963, 0.00162674
35, 0.00162674, 0.00162674, 0.721714, 0.00156275
36, 0.00156275, 0.00156275, 0.713888, 0.00150454
37, 0.00150454, 0.00150454, 0.706238, 0.00145163
38, 0.00145163, 0.00145163, 0.698836, 0.00140354
39, 0.00140354, 0.00140354, 0.691707, 0.00135982
40, 0.00135982, 0.00135982, 0.684802, 0.00132012
41, 0.00132012, 0.00132012, 0.677985, 0.00128413
42, 0.00128413, 0.00128413, 0.67104, 0.00125171
43, 0.00125171, 0.00125171, 0.663714, 0.00122278
44, 0.00122278, 0.00122278, 0.655771, 0.00119741
45, 0.00119741, 0.00119741, 0.647058, 0.0011757
46, 0.0011757, 0.0011757, 0.637534, 0.00115781
47, 0.00115781, 0.00115781, 0.627281, 0.0011439
48, 0.0011439, 0.0011439, 0.616472, 0.00113409
49, 0.00113409, 0.00113409, 0.605342, 0.00112847
50, 0.00112847, 0.00112847, 0.590341, 0.00112853
51, 0.00112853, 0.00112853, 0.574259, 0.00113483
52, 0.00113483, 0.00113483, 0.564127, 0.00114525
53, 0.00114525, 0.00114525, 0.554562, 0.00115972
54, 0.00115972, 0.00115972, 0.545729, 0.00117815
55, 0.00117815, 0.00117815, 0.537747, 0.0012004
56, 0.0012004, 0.0012004, 0.530689, 0.00122631
57, 0.00122631, 0.00122631, 0.524571, 0.00125569
58, 0.00125569, 0.00125569, 0.519335, 0.00128835
59, 0.00128835, 0.00128835, 0.514848, 0.00132416
60, 0.00132416, 0.00132416, 0.510914, 0.00136306
61, 0.00136306, 0.00136306, 0.507307, 0.00140509
62, 0.00140509, 0.00140509, 0.503817, 0.00145041
63, 0.00145041, 0.00145041, 0.500285, 0.00149931
64, 0.00149931, 0.00149931, 0.496627, 0.00155212
65, 0.00155212, 0.00155212, 0.492826, 0.00160928
66, 0.00160928, 0.00160928, 0.488911, 0.00167119
67, 0.00167119, 0.00167119, 0.484937, 0.00173833
68, 0.00173833, 0.00173833, 0.480963, 0.00181114
69, 0.00181114, 0.00181114, 0.477038, 0.0018901
70, 0.0018901, 0.0018901, 0.4732, 0.00197569
71, 0.00197569, 0.00197569, 0.469469, 0.00206842
72, 0.00206842, 0.00206842, 0.465827, 0.00216889
73, 0.00216889, 0.00216889, 0.462301, 0.00227769
74, 0.00227769, 0.00227769, 0.458936, 0.00239545
75, 0.00239545, 0.00239545, 0.455676, 0.00252289
76, 0.00252289, 0.00252289, 0.452512, 0.00266081
77, 0.00266081, 0.00266081, 0.449435, 0.00281011
78, 0.00281011, 0.00281011, 0.446441, 0.00297176
79, 0.00297176, 0.00297176, 0.443525, 0.00314682
80, 0.00314682, 0.00314682, 0.440695, 0.00333647
81, 0.00333647, 0.00333647, 0.437967, 0.00354194
82, 0.00354194, 0.00354194, 0.435379, 0.00376452
83, 0.00376452, 0.00376452, 0.430898, 0.00400938
84, 0.00400938, 0.00400938, 0.427972, 0.00427599
85, 0.00427599, 0.00427599, 0.426578, 0.00456331
86, 0.00456331, 0.00456331, 0.426189, 0.00487081
87, 0.00487081, 0.00487081, 0.427433, 0.00519602
88, 0.00519602, 0.00519602, 0.431161, 0.00553331
89, 0.00553331, 0.00553331, 0.438378, 0.00587297
90, 0.00587297, 0.00587297, 0.449869, 0.0062013
91, 0.0062013, 0.0062013, 0.465525, 0.00650335
92, 0.00650335, 0.00650335, 0.483843, 0.00676766
93, 0.00676766, 0.00676766, 0.50236, 0.00699001
94, 0.00699001, 0.00699001, 0.51892, 0.00717299
95, 0.00717299, 0.00717299, 0.532585, 0.0073226
96, 0.0073226, 0.0073226, 0.543527, 0.00744498
97, 0.00744498, 0.00744498, 0.552416, 0.00754489
98, 0.00754489, 0.00754489, 0.559951, 0.00762544
99, 0.00762544, 0.00762544, 0.566666, 0.00768851
100, 0.00768851, 0.00768851, 0.57291, 0.00773513
101, 0.00773513, 0.00773513, 0.578892, 0.00776588
102, 0.00776588, 0.00776588, 0.584723, 0.00778114
103, 0.00778114, 0.00778114, 0.587386, 0.00778934
104, 0.00778934, 0.00778934, 0.59047, 0.0077894
105, 0.0077894, 0.0077894, 0.595985, 0.00777498
106, 0.00777498, 0.00777498, 0.601481, 0.00774635
107, 0.00774635, 0.00774635, 0.607066, 0.00770358
108, 0.00770358, 0.00770358, 0.613038, 0.00764606
109, 0.00764606, 0.00764606, 0.620125, 0.00757154
110, 0.00757154, 0.00757154, 0.62995, 0.00747422
111, 0.00747422, 0.00747422, 0.645813, 0.00734153
112, 0.00734153, 0.00734153, 0.673287, 0.00715137
113, 0.00715137, 0.00715137, 0.718158, 0.00687682
114, 0.00687682, 0.00687682, 0.778172, 0.00650752
115, 0.00650752, 0.00650752, 0.836245, 0.00607003
116, 0.00607003, 0.00607003, 0.873703, 0.00561256
117, 0.00561256, 0.00561256, 0.887844, 0.00517292
118, 0.00517292, 0.00517292, 0.887054, 0.00476857
119, 0.00476857, 0.00476857, 0.879371, 0.00440349
120, 0.00440349, 0.00440349, 0.869224, 0.0040758
121, 0.0040758, 0.0040758, 0.857683, 0.00378259
122, 0.00378259, 0.00378259, 0.841307, 0.00352404
123, 0.00352404, 0.00352404, 0.831743, 0.00329068
124, 0.00329068, 0.00329068, 0.822889, 0.00307936
125, 0.00307936, 0.00307936, 0.814457, 0.00288755
126, 0.00288755, 0.00288755, 0.806355, 0.0027131
127, 0.0027131, 0.0027131, 0.798502, 0.00255419
128, 0.00255419, 0.00255419, 0.790822, 0.00240924
129, 0.00240924, 0.00240924, 0.783249, 0.0022769
130, 0.0022769, 0.0022769, 0.775722, 0.00215598
131, 0.00215598, 0.00215598, 0.768085, 0.00204553
132, 0.00204553, 0.00204553, 0.760366, 0.00194466
133, 0.00194466, 0.00194466, 0.752662, 0.00185253
134, 0.00185253, 0.00185253, 0.744867, 0.00176845
135, 0.00176845, 0.00176845, 0.736987, 0.00169178
136, 0.00169178, 0.00169178, 0.72906, 0.00162193
137, 0.00162193, 0.00162193, 0.721147, 0.00155837
138, 0.00155837, 0.00155837, 0.71333, 0.00150057
139, 0.00150057, 0.00150057, 0.705697, 0.00144802
140, 0.00144802, 0.00144802, 0.698314, 0.00140025
141, 0.00140025, 0.00140025, 0.691204, 0.00135684
142, 0.00135684, 0.00135684, 0.68431, 0.00131741
143, 0.00131741, 0.00131741, 0.677492, 0.00128168
144, 0.00128168, 0.00128168, 0.670529, 0.00124951
145, 0.00124951, 0.00124951, 0.663165, 0.00122084
146, 0.00122084, 0.00122084, 0.655171, 0.00119572
147, 0.00119572, 0.00119572, 0.646399, 0.00117428
148, 0.00117428, 0.00117428, 0.636819, 0.00115667
149, 0.00115667, 0.00115667, 0.626519, 0.00114305
150, 0.00114305, 0.00114305, 0.615679, 0.00113354
151, 0.00113354, 0.00113354, 0.604535, 0.00112823
152, 0.00112823, 0.00112823, 0.588884, 0.00112884
153, 0.00112884, 0.00112884, 0.573515, 0.00113545
154, 0.00113545, 0.00113545, 0.563417, 0.00114615
155, 0.00114615, 0.00114615, 0.5539, 0.00116091
156, 0.00116091, 0.00116091, 0.545125, 0.00117962
157, 0.00117962, 0.00117962, 0.537207, 0.00120215
158, 0.00120215, 0.00120215, 0.530218, 0.00122831
159, 0.00122831, 0.00122831, 0.524166, 0.00125793
160, 0.00125793, 0.00125793, 0.518989, 0.00129083
161, 0.00129083, 0.00129083, 0.514549, 0.00132686
162, 0.00132686, 0.00132686, 0.510646, 0.00136598
163, 0.00136598, 0.00136598, 0.507054, 0.00140824
164, 0.00140824, 0.00140824, 0.503565, 0.00145381
165, 0.00145381, 0.00145381, 0.500027, 0.00150297
166, 0.00150297, 0.00150297, 0.496358, 0.00155609
167, 0.00155609, 0.00155609, 0.492547, 0.00161357
168, 0.00161357, 0.00161357, 0.488626, 0.00167585
169, 0.00167585, 0.00167585, 0.48465, 0.00174338
170, 0.00174338, 0.00174338, 0.480678, 0.00181661
171, 0.00181661, 0.00181661, 0.476759, 0.00189603
172, 0.00189603, 0.00189603, 0.472927, 0.00198212
173, 0.00198212, 0.00198212, 0.469205, 0.00207539
174, 0.00207539, 0.00207539, 0.465567, 0.00217643
175, 0.00217643, 0.00217643, 0.462056, 0.00228586
176, 0.00228586, 0.00228586, 0.458698, 0.00240429
177, 0.00240429, 0.00240429, 0.455445, 0.00253245
178, 0.00253245, 0.00253245, 0.452288, 0.00267117
179, 0.00267117, 0.00267117, 0.449217, 0.00282132
180, 0.00282132, 0.00282132, 0.446228, 0.00298389
181, 0.00298389, 0.00298389, 0.443319, 0.00315997
182, 0.00315997, 0.00315997, 0.440495, 0.00335071
183, 0.00335071, 0.00335071, 0.437776, 0.00355737
184, 0.00355737, 0.00355737, 0.4352, 0.00378124
185, 0.00378124, 0.00378124, 0.430522, 0.00402789
186, 0.00402789, 0.00402789, 0.427851, 0.00429597
187, 0.00429597, 0.00429597, 0.42651, 0.00458477
188, 0.00458477, 0.00458477, 0.426215, 0.00489367
189, 0.00489367, 0.00489367, 0.427607, 0.00521997
190, 0.00521997, 0.00521997, 0.431552, 0.00555781
191, 0.00555781, 0.00555781, 0.439057, 0.00589715
192, 0.00589715, 0.00589715, 0.450866, 0.00622408
193, 0.00622408, 0.00622408, 0.466781, 0.00652372
194, 0.00652372, 0.00652372, 0.4852, 0.00678506
195, 0.00678506, 0.00678506, 0.503636, 0.00700443
196, 0.00700443, 0.00700443, 0.520003, 0.00718479
197, 0.00718479, 0.00718479, 0.533457, 0.00733224
198, 0.00733224, 0.00733224, 0.544226, 0.00745287
199, 0.00745287, 0.00745287, 0.552996, 0.0075513
200, 0.0075513, 0.0075513, 0.560456, 0.00763055
201, 0.00763055, 0.00763055, 0.567127, 0.00769241
202, 0.00769241, 0.00769241, 0.573347, 0.00773787
203, 0.00773787, 0.00773787, 0.579316, 0.00776749
204, 0.00776749, 0.00776749, 0.585138, 0.00778164
205, 0.00778164, 0.00778164, 0.587391, 0.00778984
206, 0.00778984, 0.00778984, 0.590869, 0.00778884
207, 0.00778884, 0.00778884, 0.596381, 0.00777339
208, 0.00777339, 0.00777339, 0.601877, 0.00774375
209, 0.00774375, 0.00774375, 0.607477, 0.00769995
210, 0.00769995, 0.00769995, 0.613498, 0.00764131
211, 0.00764131, 0.00764131, 0.620713, 0.00756541
212, 0.00756541, 0.00756541, 0.630836, 0.00746606
213, 0.00746606, 0.00746606, 0.647323, 0.0073301
214, 0.0073301, 0.0073301, 0.675887, 0.00713473
215, 0.00713473, 0.00713473, 0.72209, 0.00685333
216, 0.00685333, 0.00685333, 0.782687, 0.00647778
217, 0.00647778, 0.00647778, 0.839768, 0.00603722
218, 0.00603722, 0.00603722, 0.875428, 0.00558002
219, 0.00558002, 0.00558002, 0.88817, 0.00514255
220, 0.00514255, 0.00514255, 0.886658, 0.004741
221, 0.004741, 0.004741, 0.878689, 0.0043787
222, 0.0043787, 0.0043787, 0.86846, 0.00405357
223, 0.00405357, 0.00405357, 0.856422, 0.00376308
224, 0.00376308, 0.00376308, 0.840598, 0.00350645
225, 0.00350645, 0.00350645, 0.83109, 0.00327477
226, 0.00327477, 0.00327477, 0.822269, 0.00306493
227, 0.00306493, 0.00306493, 0.813864, 0.00287444
228, 0.00287444, 0.00287444, 0.805783, 0.00270117
229, 0.00270117, 0.00270117, 0.797944, 0.00254331
230, 0.00254331, 0.00254331, 0.790274, 0.00239931
231, 0.00239931, 0.00239931, 0.782706, 0.00226782
232, 0.00226782, 0.00226782, 0.77518, 0.00214769
233, 0.00214769, 0.00214769, 0.767525, 0.00203796
234, 0.00203796, 0.00203796, 0.759814, 0.00193774
235, 0.00193774, 0.00193774, 0.752104, 0.00184622
236, 0.00184622, 0.00184622, 0.744302, 0.00176269
237, 0.00176269, 0.00176269, 0.736417, 0.00168653
238, 0.00168653, 0.00168653, 0.728489, 0.00161715
239, 0.00161715, 0.00161715, 0.72058, 0.00155402
240, 0.00155402, 0.00155402, 0.712774, 0.00149661
241, 0.00149661, 0.00149661, 0.705157, 0.00144443
242, 0.00144443, 0.00144443, 0.697794, 0.00139699
243, 0.00139699, 0.00139699, 0.690701, 0.00135387
244, 0.00135387, 0.00135387, 0.683819, 0.00131471
245, 0.00131471, 0.00131471, 0.676999, 0.00127925
246, 0.00127925, 0.00127925, 0.670015, 0.00124733
247, 0.00124733, 0.00124733, 0.662613, 0.00121891
248, 0.00121891, 0.00121891, 0.654567, 0.00119405
249, 0.00119405, 0.00119405, 0.645736, 0.00117288
250, 0.00117288, 0.00117288, 0.6361, 0.00115556
251, 0.00115556, 0.00115556, 0.625754, 0.00114223
252, 0.00114223, 0.00114223, 0.614884, 0.00113302
253, 0.00113302, 0.00113302, 0.603728, 0.00112801
254, 0.00112801, 0.00112801, 0.587432, 0.00112918
255, 0.00112918, 0.00112918, 0.572772, 0.00113608
256, 0.00113608, 0.00113608, 0.562711, 0.00114708
257, 0.00114708, 0.00114708, 0.553242, 0.00116213
258, 0.00116213, 0.00116213, 0.544525, 0.00118112
259, 0.00118112, 0.00118112, 0.536673, 0.00120391
260, 0.00120391, 0.00120391, 0.529751, 0.00123033
261, 0.00123033, 0.00123033, 0.523766, 0.00126019
262, 0.00126019, 0.00126019, 0.518647, 0.00129332
263, 0.00129332, 0.00129332, 0.514253, 0.00132957
264, 0.00132957, 0.00132957, 0.51038, 0.00136891
265, 0.00136891, 0.00136891, 0.506802, 0.0014114
266, 0.0014114, 0.0014114, 0.503314, 0.00145722
267, 0.00145722, 0.00145722, 0.499768, 0.00150666
268, 0.00150666, 0.00150666, 0.496089, 0.00156007
269, 0.00156007, 0.00156007, 0.492268, 0.00161788
270, 0.00161788, 0.00161788, 0.488341, 0.00168053
271, 0.00168053, 0.00168053, 0.484363, 0.00174845
272, 0.00174845, 0.00174845, 0.480394, 0.00182212
273, 0.00182212, 0.00182212, 0.47648, 0.001902
274, 0.001902, 0.001902, 0.472656, 0.00198858
275, 0.00198858, 0.00198858, 0.468942, 0.00208239
276, 0.00208239, 0.00208239, 0.465307, 0.00218402
277, 0.00218402, 0.00218402, 0.46181, 0.00229407
278, 0.00229407, 0.00229407, 0.458461, 0.00241318
279, 0.00241318, 0.00241318, 0.455215, 0.00254207
280, 0.00254207, 0.00254207, 0.452064, 0.00268158
281, 0.00268158, 0.00268158, 0.448999, 0.00283259
282, 0.00283259, 0.00283259, 0.446016, 0.0029961
283, 0.0029961, 0.0029961, 0.443112, 0.00317319
284, 0.00317319, 0.00317319, 0.440296, 0.00336504
285, 0.00336504, 0.00336504, 0.437585, 0.00357289
286, 0.00357289, 0.00357289, 0.435022, 0.00379805
287, 0.00379805, 0.00379805, 0.430149, 0.00404649
288, 0.00404649, 0.00404649, 0.427734, 0.00431605
289, 0.00431605, 0.00431605, 0.426447, 0.00460634
290, 0.00460634, 0.00460634, 0.42625, 0.00491661
291, 0.00491661, 0.00491661, 0.427793, 0.00524399
292, 0.00524399, 0.00524399, 0.431961, 0.00558233
293, 0.00558233, 0.00558233, 0.439758, 0.00592127
294, 0.00592127, 0.00592127, 0.451885, 0.00624672
295, 0.00624672, 0.00624672, 0.46805, 0.00654389
296, 0.00654389, 0.00654389, 0.486556, 0.00680224
297, 0.00680224, 0.00680224, 0.5049, 0.00701865
298, 0.00701865, 0.00701865, 0.52107, 0.00719642
299, 0.00719642, 0.00719642, 0.534314, 0.00734175
300, 0.00734175, 0.00734175, 0.544915, 0.00746065
301, 0.00746065, 0.00746065, 0.553569, 0.00755762
302, 0.00755762, 0.00755762, 0.560958, 0.00763557
303, 0.00763557, 0.00763557, 0.567587, 0.00769622
304, 0.00769622, 0.00769622, 0.573784, 0.00774052
305, 0.00774052, 0.00774052, 0.579739, 0.00776902
306, 0.00776902, 0.00776902, 0.585553, 0.00778208
307, 0.00778208, 0.00778208, 0.587397, 0.00779025
308, 0.00779025, 0.00779025, 0.591267, 0.00778821
309, 0.00778821, 0.00778821, 0.596776, 0.00777173
310, 0.00777173, 0.00777173, 0.602274, 0.00774108
311, 0.00774108, 0.00774108, 0.60789, 0.00769624
312, 0.00769624, 0.00769624, 0.613964, 0.00763647
313, 0.00763647, 0.00763647, 0.621315, 0.00755915
314, 0.00755915, 0.00755915, 0.631754, 0.00745772
315, 0.00745772, 0.00745772, 0.648894, 0.00731836
316, 0.00731836, 0.00731836, 0.678581, 0.00711763
317, 0.00711763, 0.00711763, 0.726104, 0.00682934
318, 0.00682934, 0.00682934, 0.787183, 0.00644771
319, 0.00644771, 0.00644771, 0.84317, 0.00600434
320, 0.00600434, 0.00600434, 0.87703, 0.0055476
321, 0.0055476, 0.0055476, 0.888424, 0.00511238
322, 0.00511238, 0.00511238, 0.886231, 0.00471364
323, 0.00471364, 0.00471364, 0.877998, 0.00435412
324, 0.00435412, 0.00435412, 0.867695, 0.00403153
325, 0.00403153, 0.00403153, 0.855164, 0.00374371
326, 0.00374371, 0.00374371, 0.839893, 0.00348899
327, 0.00348899, 0.00348899, 0.83044, 0.00325897
328, 0.00325897, 0.00325897, 0.821652, 0.0030506
329, 0.0030506, 0.0030506, 0.813272, 0.00286142
330, 0.00286142, 0.00286142, 0.805211, 0.00268931
331, 0.00268931, 0.00268931, 0.797387, 0.0025325
332, 0.0025325, 0.0025325, 0.789727, 0.00238945
333, 0.00238945, 0.00238945, 0.782164, 0.00225881
334, 0.00225881, 0.00225881, 0.774639, 0.00213945
335, 0.00213945, 0.00213945, 0.766966, 0.00203044
336, 0.00203044, 0.00203044, 0.759262, 0.00193088
337, 0.00193088, 0.00193088, 0.751546, 0.00183995
338, 0.00183995, 0.00183995, 0.743737, 0.00175697
339, 0.00175697, 0.00175697, 0.735848, 0.00168132
340, 0.00168132, 0.00168132, 0.727918, 0.00161241
341, 0.00161241, 0.00161241, 0.720014, 0.00154971
342, 0.00154971, 0.00154971, 0.712219, 0.00149269
343, 0.00149269, 0.00149269, 0.704618, 0.00144086
344, 0.00144086, 0.00144086, 0.697275, 0.00139374
345, 0.00139374, 0.00139374, 0.6902, 0.00135092
346, 0.00135092, 0.00135092, 0.683329, 0.00131204
347, 0.00131204, 0.00131204, 0.676505, 0.00127684
348, 0.00127684, 0.00127684, 0.6695, 0.00124517
349, 0.00124517, 0.00124517, 0.662058, 0.001217
350, 0.001217, 0.001217, 0.653959, 0.0011924
351, 0.0011924, 0.0011924, 0.645069, 0.00117151
352, 0.00117151, 0.00117151, 0.635378, 0.00115447
353, 0.00115447, 0.00115447, 0.624987, 0.00114143
354, 0.00114143, 0.00114143, 0.614088, 0.00113252
355, 0.00113252, 0.00113252, 0.602921, 0.00112781
356, 0.00112781, 0.00112781, 0.585985, 0.00112954
357, 0.00112954, 0.00112954, 0.572033, 0.00113674
358, 0.00113674, 0.00113674, 0.562008, 0.00114803
359, 0.00114803, 0.00114803, 0.552588, 0.00116336
360, 0.00116336, 0.00116336, 0.54393, 0.00118263
361, 0.00118263, 0.00118263, 0.536143, 0.00120569
362, 0.00120569, 0.00120569, 0.52929, 0.00123237
363, 0.00123237, 0.00123237, 0.52337, 0.00126247
364, 0.00126247, 0.00126247, 0.518309, 0.00129582
365, 0.00129582, 0.00129582, 0.51396, 0.0013323
366, 0.0013323, 0.0013323, 0.510115, 0.00137186
367, 0.00137186, 0.00137186, 0.50655, 0.00141458
368, 0.00141458, 0.00141458, 0.503062, 0.00146065
369, 0.00146065, 0.00146065, 0.499508, 0.00151036
370, 0.00151036, 0.00151036, 0.495818, 0.00156408
371, 0.00156408, 0.00156408, 0.491988, 0.00162222
372, 0.00162222, 0.00162222, 0.488056, 0.00168523
373, 0.00168523, 0.00168523, 0.484077, 0.00175355
374, 0.00175355, 0.00175355, 0.48011, 0.00182765
375, 0.00182765, 0.00182765, 0.476201, 0.001908
376, 0.001908, 0.001908, 0.472385, 0.00199508
377, 0.00199508, 0.00199508, 0.468679, 0.00208943
378, 0.00208943, 0.00208943, 0.465048, 0.00219165
379, 0.00219165, 0.00219165, 0.461566, 0.00230233
380, 0.00230233, 0.00230233, 0.458224, 0.00242211
381, 0.00242211, 0.00242211, 0.454985, 0.00255174
382, 0.00255174, 0.00255174, 0.451841, 0.00269205
383, 0.00269205, 0.00269205, 0.448782, 0.00284392
384, 0.00284392, 0.00284392, 0.445804, 0.00300837
385, 0.00300837, 0.00300837, 0.442907, 0.00318648
386, 0.00318648, 0.00318648, 0.440097, 0.00337944
387, 0.00337944, 0.00337944, 0.437395, 0.00358849
388, 0.00358849, 0.00358849, 0.434845, 0.00381494
389, 0.00381494, 0.00381494, 0.429779, 0.0040652
390, 0.0040652, 0.0040652, 0.427619, 0.00433623
391, 0.00433623, 0.00433623, 0.42639, 0.004628
392, 0.004628, 0.004628, 0.426294, 0.00493963
393, 0.00493963, 0.00493963, 0.427994, 0.00526804
394, 0.00526804, 0.00526804, 0.432389, 0.00560682
395, 0.00560682, 0.00560682, 0.440481, 0.0059453
396, 0.0059453, 0.0059453, 0.452925, 0.00626919
397, 0.00626919, 0.00626919, 0.46933, 0.00656384
398, 0.00656384, 0.00656384, 0.48791, 0.00681919
399, 0.00681919, 0.00681919, 0.506152, 0.00703265
400, 0.00703265, 0.00703265, 0.522121, 0.00720788
401, 0.00720788, 0.00720788, 0.535157, 0.00735112
402, 0.00735112, 0.00735112, 0.545593, 0.00746831
403, 0.00746831, 0.00746831, 0.554135, 0.00756383
404, 0.00756383, 0.00756383, 0.561455, 0.00764049
405, 0.00764049, 0.00764049, 0.568044, 0.00769994
406, 0.00769994, 0.00769994, 0.574218, 0.00774309
407, 0.00774309, 0.00774309, 0.580161, 0.00777047
408, 0.00777047, 0.00777047, 0.585967, 0.00778243
409, 0.00778243, 0.00778243, 0.587401, 0.0077906
410, 0.0077906, 0.0077906, 0.591665, 0.0077875
411, 0.0077875, 0.0077875, 0.59717, 0.00777
412, 0.00777, 0.00777, 0.602672, 0.00773833
413, 0.00773833, 0.00773833, 0.608305, 0.00769246
414, 0.00769246, 0.00769246, 0.614435, 0.00763155
415, 0.00763155, 0.00763155, 0.621931, 0.00755278
416, 0.00755278, 0.00755278, 0.632705, 0.00744919
417, 0.00744919, 0.00744919, 0.650529, 0.00730631
418, 0.00730631, 0.00730631, 0.68137, 0.00710009
419, 0.00710009, 0.00710009, 0.730192, 0.00680486
420, 0.00680486, 0.00680486, 0.791649, 0.00641734
421, 0.00641734, 0.00641734, 0.846446, 0.00597142
422, 0.00597142, 0.00597142, 0.87851, 0.00551532
423, 0.00551532, 0.00551532, 0.888608, 0.00508243
424, 0.00508243, 0.00508243, 0.885775, 0.00468651
425, 0.00468651, 0.00468651, 0.877297, 0.00432975
426, 0.00432975, 0.00432975, 0.866928, 0.00400967
427, 0.00400967, 0.00400967, 0.85391, 0.0037245
428, 0.0037245, 0.0037245, 0.83919, 0.00347167
429, 0.00347167, 0.00347167, 0.829793, 0.0032433
430, 0.0032433, 0.0032433, 0.821037, 0.00303639
431, 0.00303639, 0.00303639, 0.812683, 0.0028485
432, 0.0028485, 0.0028485, 0.804642, 0.00267755
433, 0.00267755, 0.00267755, 0.796832, 0.00252178
434, 0.00252178, 0.00252178, 0.789181, 0.00237966
435, 0.00237966, 0.00237966, 0.781622, 0.00224987
436, 0.00224987, 0.00224987, 0.774098, 0.00213128
437, 0.00213128, 0.00213128, 0.766406, 0.00202298
438, 0.00202298, 0.00202298, 0.75871, 0.00192406
439, 0.00192406, 0.00192406, 0.750988, 0.00183373
440, 0.00183373, 0.00183373, 0.743172, 0.00175129
441, 0.00175129, 0.00175129, 0.735278, 0.00167614
442, 0.00167614, 0.00167614, 0.727348, 0.0016077
443, 0.0016077, 0.0016077, 0.719449, 0.00154542
444, 0.00154542, 0.00154542, 0.711665, 0.0014888
445, 0.0014888, 0.0014888, 0.704081, 0.00143732
446, 0.00143732, 0.00143732, 0.696757, 0.00139053
447, 0.00139053, 0.00139053, 0.689701, 0.001348
448, 0.001348, 0.001348, 0.682839, 0.00130939
449, 0.00130939, 0.00130939, 0.67601, 0.00127444
450, 0.00127444, 0.00127444, 0.668982, 0.00124303
451, 0.00124303, 0.00124303, 0.6615, 0.00121511
452, 0.00121511, 0.00121511, 0.653347, 0.00119078
453, 0.00119078, 0.00119078, 0.644399, 0.00117015
454, 0.00117015, 0.00117015, 0.634652, 0.00115339
455, 0.00115339, 0.00115339, 0.624218, 0.00114065
456, 0.00114065, 0.00114065, 0.613291, 0.00113204
457, 0.00113204, 0.00113204, 0.602115, 0.00112763
458, 0.00112763, 0.00112763, 0.584546, 0.00112992
459, 0.00112992, 0.00112992, 0.571296, 0.00113741
460, 0.00113741, 0.00113741, 0.561308, 0.001149
461, 0.001149, 0.001149, 0.551939, 0.00116462
462, 0.00116462, 0.00116462, 0.543341, 0.00118416
463, 0.00118416, 0.00118416, 0.535619, 0.00120749
464, 0.00120749, 0.00120749, 0.528834, 0.00123442
465, 0.00123442, 0.00123442, 0.522979, 0.00126476
466, 0.00126476, 0.00126476, 0.517975, 0.00129834
467, 0.00129834, 0.00129834, 0.513669, 0.00133504
468, 0.00133504, 0.00133504, 0.509852, 0.00137483
469, 0.00137483, 0.00137483, 0.506299, 0.00141778
470, 0.00141778, 0.00141778, 0.50281, 0.0014641
471, 0.0014641, 0.0014641, 0.499248, 0.00151408
472, 0.00151408, 0.00151408, 0.495548, 0.00156811
473, 0.00156811, 0.00156811, 0.491709, 0.00162658
474, 0.00162658, 0.00162658, 0.487771, 0.00168996
475, 0.00168996, 0.00168996, 0.483791, 0.00175868
476, 0.00175868, 0.00175868, 0.479826, 0.00183321
477, 0.00183321, 0.00183321, 0.475924, 0.00191402
478, 0.00191402, 0.00191402, 0.472115, 0.00200161
479, 0.00200161, 0.00200161, 0.468418, 0.00209651
480, 0.00209651, 0.00209651, 0.464791, 0.00219931
481, 0.00219931, 0.00219931, 0.461322, 0.00231062
482, 0.00231062, 0.00231062, 0.457988, 0.00243109
483, 0.00243109, 0.00243109, 0.454756, 0.00256146
484, 0.00256146, 0.00256146, 0.451618, 0.00270256
485, 0.00270256, 0.00270256, 0.448566, 0.00285531
486, 0.00285531, 0.00285531, 0.445594, 0.0030207
487, 0.0030207, 0.0030207, 0.442702, 0.00319984
488, 0.00319984, 0.00319984, 0.439899, 0.00339391
489, 0.00339391, 0.00339391, 0.437206, 0.00360417
490, 0.00360417, 0.00360417, 0.434669, 0.00383192
491, 0.00383192, 0.00383192, 0.429413, 0.00408398
492, 0.00408398, 0.00408398, 0.427509, 0.00435649
493, 0.00435649, 0.00435649, 0.426338, 0.00464974
494, 0.00464974, 0.00464974, 0.426347, 0.00496271
495, 0.00496271, 0.00496271, 0.428207, 0.00529213
496, 0.00529213, 0.00529213, 0.432835, 0.00563129
497, 0.00563129, 0.00563129, 0.441227, 0.00596923
498, 0.00596923, 0.00596923, 0.453984, 0.00629148
499, 0.00629148, 0.00629148, 0.470621, 0.00658356
500, 0.00658356, 0.00658356, 0.489261, 0.0068359
501, 0.0068359, 0.0068359, 0.50739, 0.00704644
502, 0.00704644, 0.00704644, 0.523155, 0.00721915
503, 0.00721915, 0.00721915, 0.535985, 0.00736034
504, 0.00736034, 0.00736034, 0.546261, 0.00747585
505, 0.00747585, 0.00747585, 0.554695, 0.00756994
506, 0.00756994, 0.00756994, 0.561948, 0.00764532
507, 0.00764532, 0.00764532, 0.568498, 0.00770357
508, 0.00770357, 0.00770357, 0.574651, 0.00774558
509, 0.00774558, 0.00774558, 0.580581, 0.00777184
510, 0.00777184, 0.00777184, 0.586381, 0.0077827
511, 0.0077827, 0.0077827, 0.587405, 0.00779086
512, 0.00779086, 0.00779086, 0.592061, 0.00778672
513, 0.00778672, 0.00778672, 0.597564, 0.0077682
514, 0.0077682, 0.0077682, 0.603069, 0.00773552
515, 0.00773552, 0.00773552, 0.608722, 0.00768861
516, 0.00768861, 0.00768861, 0.614913, 0.00762655
517, 0.00762655, 0.00762655, 0.622563, 0.00754629
518, 0.00754629, 0.00754629, 0.63369, 0.00744048
519, 0.00744048, 0.00744048, 0.652229, 0.00729396
520, 0.00729396, 0.00729396, 0.684252, 0.00708211
521, 0.00708211, 0.00708211, 0.734348, 0.00677992
522, 0.00677992, 0.00677992, 0.796073, 0.0063867
523, 0.0063867, 0.0063867, 0.849591, 0.0059385
524, 0.0059385, 0.0059385, 0.879872, 0.00548322
525, 0.00548322, 0.00548322, 0.888727, 0.00505271
526, 0.00505271, 0.00505271, 0.885292, 0.00465961
527, 0.00465961, 0.00465961, 0.876588, 0.00430559
528, 0.00430559, 0.00430559, 0.866161, 0.00398801
529, 0.00398801, 0.00398801, 0.85266, 0.00370547
530, 0.00370547, 0.00370547, 0.838492, 0.00345451
531, 0.00345451, 0.00345451, 0.829149, 0.00322777
532, 0.00322777, 0.00322777, 0.820425, 0.00302229
533, 0.00302229, 0.00302229, 0.812097, 0.00283568
534, 0.00283568, 0.00283568, 0.804074, 0.00266588
535, 0.00266588, 0.00266588, 0.796278, 0.00251114
536, 0.00251114, 0.00251114, 0.788636, 0.00236994
537, 0.00236994, 0.00236994, 0.781082, 0.002241
538, 0.002241, 0.002241, 0.773558, 0.00212317
539, 0.00212317, 0.00212317, 0.765846, 0.00201558
540, 0.00201558, 0.00201558, 0.758159, 0.0019173
541, 0.0019173, 0.0019173, 0.75043, 0.00182755
542, 0.00182755, 0.00182755, 0.742608, 0.00174566
543, 0.00174566, 0.00174566, 0.73471, 0.00167101
544, 0.00167101, 0.00167101, 0.726779, 0.00160303
545, 0.00160303, 0.00160303, 0.718885, 0.00154118
546, 0.00154118, 0.00154118, 0.711113, 0.00148494
547, 0.00148494, 0.00148494, 0.703546, 0.00143381
548, 0.00143381, 0.00143381, 0.696242, 0.00138734
549, 0.00138734, 0.00138734, 0.689203, 0.0013451
550, 0.0013451, 0.0013451, 0.68235, 0.00130676
551, 0.00130676, 0.00130676, 0.675515, 0.00127207
552, 0.00127207, 0.00127207, 0.668463, 0.00124091
553, 0.00124091, 0.00124091, 0.660939, 0.00121325
554, 0.00121325, 0.00121325, 0.652732, 0.00118917
555, 0.00118917, 0.00118917, 0.643725, 0.00116882
556, 0.00116882, 0.00116882, 0.633924, 0.00115234
557, 0.00115234, 0.00115234, 0.623447, 0.00113989
558, 0.00113989, 0.00113989, 0.612494, 0.00113158
559, 0.00113158, 0.00113158, 0.60131, 0.00112748
560, 0.00112748, 0.00112748, 0.583114, 0.00113032
561, 0.00113032, 0.00113032, 0.570563, 0.00113811
562, 0.00113811, 0.00113811, 0.560614, 0.00114999
563, 0.00114999, 0.00114999, 0.551295, 0.00116589
564, 0.00116589, 0.00116589, 0.542757, 0.00118571
565, 0.00118571, 0.00118571, 0.535101, 0.0012093
566, 0.0012093, 0.0012093, 0.528383, 0.00123648
567, 0.00123648, 0.00123648, 0.522593, 0.00126706
568, 0.00126706, 0.00126706, 0.517645, 0.00130087
569, 0.00130087, 0.00130087, 0.513382, 0.00133779
570, 0.00133779, 0.00133779, 0.509591, 0.0013778
571, 0.0013778, 0.0013778, 0.506049, 0.00142099
572, 0.00142099, 0.00142099, 0.502558, 0.00146756
573, 0.00146756, 0.00146756, 0.498987, 0.00151782
574, 0.00151782, 0.00151782, 0.495277, 0.00157215
575, 0.00157215, 0.00157215, 0.491429, 0.00163096
576, 0.00163096, 0.00163096, 0.487486, 0.0016947
577, 0.0016947, 0.0016947, 0.483505, 0.00176383
578, 0.00176383, 0.00176383, 0.479544, 0.00183879
579, 0.00183879, 0.00183879, 0.475647, 0.00192008
580, 0.00192008, 0.00192008, 0.471846, 0.00200817
581, 0.00200817, 0.00200817, 0.468157, 0.00210361
582, 0.00210361, 0.00210361, 0.464534, 0.00220701
583, 0.00220701, 0.00220701, 0.461079, 0.00231895
584, 0.00231895, 0.00231895, 0.457753, 0.0024401
585, 0.0024401, 0.0024401, 0.454528, 0.00257121
586, 0.00257121, 0.00257121, 0.451396, 0.00271312
587, 0.00271312, 0.00271312, 0.44835, 0.00286674
588, 0.00286674, 0.00286674, 0.445383, 0.00303308
589, 0.00303308, 0.00303308, 0.442498, 0.00321325
590, 0.00321325, 0.00321325, 0.439701, 0.00340844
591, 0.00340844, 0.00340844, 0.437018, 0.00361991
592, 0.00361991, 0.00361991, 0.434353, 0.00384921
593, 0.00384921, 0.00384921, 0.429185, 0.00410284
594, 0.00410284, 0.00410284, 0.427398, 0.00437684
595, 0.00437684, 0.00437684, 0.426293, 0.00467156
596, 0.00467156, 0.00467156, 0.426409, 0.00498585
597, 0.00498585, 0.00498585, 0.428435, 0.00531624
598, 0.00531624, 0.00531624, 0.433301, 0.00565574
599, 0.00565574, 0.00565574, 0.441995, 0.00599306
600, 0.00599306, 0.00599306, 0.455063, 0.00631359
601, 0.00631359, 0.00631359, 0.47192, 0.00660306
602, 0.00660306, 0.00660306, 0.490607, 0.00685237
603, 0.00685237, 0.00685237, 0.508614, 0.00706002
604, 0.00706002, 0.00706002, 0.524173, 0.00723025
605, 0.00723025, 0.00723025, 0.5368, 0.00736942
606, 0.00736942, 0.00736942, 0.546918, 0.00748327
607, 0.00748327, 0.00748327, 0.555247, 0.00757594
608, 0.00757594, 0.00757594, 0.562437, 0.00765006
609, 0.00765006, 0.00765006, 0.56895, 0.00770712
610, 0.00770712, 0.00770712, 0.575082, 0.00774798
611, 0.00774798, 0.00774798, 0.581001, 0.00777313
612, 0.00777313, 0.00777313, 0.586793, 0.0077829
613, 0.0077829, 0.0077829, 0.587407, 0.00779105
614, 0.00779105, 0.00779105, 0.592457, 0.00778587
615, 0.00778587, 0.00778587, 0.597958, 0.00776632
616, 0.00776632, 0.00776632, 0.603466, 0.00773263
617, 0.00773263, 0.00773263, 0.609141, 0.00768469
618, 0.00768469, 0.00768469, 0.615396, 0.00762145
619, 0.00762145, 0.00762145, 0.623212, 0.00753968
620, 0.00753968, 0.00753968, 0.634711, 0.00743157
621, 0.00743157, 0.00743157, 0.653996, 0.00728128
622, 0.00728128, 0.00728128, 0.687229, 0.00706367
623, 0.00706367, 0.00706367, 0.738567, 0.00675452
624, 0.00675452, 0.00675452, 0.800447, 0.00635581
625, 0.00635581, 0.00635581, 0.852605, 0.0059056
626, 0.0059056, 0.0059056, 0.88112, 0.00545129
627, 0.00545129, 0.00545129, 0.888784, 0.00502322
628, 0.00502322, 0.00502322, 0.884784, 0.00463295
629, 0.00463295, 0.00463295, 0.875872, 0.00428166
630, 0.00428166, 0.00428166, 0.865394, 0.00396654
631, 0.00396654, 0.00396654, 0.851415, 0.0036866
632, 0.0036866, 0.0036866, 0.837797, 0.00343748
633, 0.00343748, 0.00343748, 0.828508, 0.00321236
634, 0.00321236, 0.00321236, 0.819816, 0.00300831
635, 0.00300831, 0.00300831, 0.811512, 0.00282297
636, 0.00282297, 0.00282297, 0.803509, 0.00265431
637, 0.00265431, 0.00265431, 0.795726, 0.00250058
638, 0.00250058, 0.00250058, 0.788092, 0.0023603
639, 0.0023603, 0.0023603, 0.780542, 0.00223219
640, 0.00223219, 0.00223219, 0.773018, 0.00211512
641, 0.00211512, 0.00211512, 0.765287, 0.00200823
642, 0.00200823, 0.00200823, 0.757608, 0.00191059
643, 0.00191059, 0.00191059, 0.749872, 0.00182143
644, 0.00182143, 0.00182143, 0.742044, 0.00174008
645, 0.00174008, 0.00174008, 0.734141, 0.00166592
646, 0.00166592, 0.00166592, 0.726211, 0.0015984
647, 0.0015984, 0.0015984, 0.718323, 0.00153696
648, 0.00153696, 0.00153696, 0.710562, 0.00148111
649, 0.00148111, 0.00148111, 0.703013, 0.00143033
650, 0.00143033, 0.00143033, 0.695729, 0.00138417
651, 0.00138417, 0.00138417, 0.688707, 0.00134223
652, 0.00134223, 0.00134223, 0.681862, 0.00130415
653, 0.00130415, 0.00130415, 0.67502, 0.00126972
654, 0.00126972, 0.00126972, 0.667942, 0.0012388
655, 0.0012388, 0.0012388, 0.660376, 0.0012114
656, 0.0012114, 0.0012114, 0.652113, 0.00118759
657, 0.00118759, 0.00118759, 0.643048, 0.00116751
658, 0.00116751, 0.00116751, 0.633194, 0.00115131
659, 0.00115131, 0.00115131, 0.622675, 0.00113916
660, 0.00113916, 0.00113916, 0.611697, 0.00113115
661, 0.00113115, 0.00113115, 0.600506, 0.00112735
662, 0.00112735, 0.00112735, 0.581689, 0.00113074
663, 0.00113074, 0.00113074, 0.569834, 0.00113882
664, 0.00113882, 0.00113882, 0.559923, 0.00115099
665, 0.00115099, 0.00115099, 0.550656, 0.00116718
666, 0.00116718, 0.00116718, 0.542178, 0.00118728
667, 0.00118728, 0.00118728, 0.534589, 0.00121113
668, 0.00121113, 0.00121113, 0.527938, 0.00123856
669, 0.00123856, 0.00123856, 0.522212, 0.00126938
670, 0.00126938, 0.00126938, 0.517319, 0.00130341
671, 0.00130341, 0.00130341, 0.513097, 0.00134055
672, 0.00134055, 0.00134055, 0.509332, 0.00138079
673, 0.00138079, 0.00138079, 0.505799, 0.00142421
674, 0.00142421, 0.00142421, 0.502306, 0.00147103
675, 0.00147103, 0.00147103, 0.498726, 0.00152157
676, 0.00152157, 0.00152157, 0.495005, 0.00157621
677, 0.00157621, 0.00157621, 0.491149, 0.00163536
678, 0.00163536, 0.00163536, 0.487201, 0.00169947
679, 0.00169947, 0.00169947, 0.48322, 0.001769
680, 0.001769, 0.001769, 0.479262, 0.0018444
681, 0.0018444, 0.0018444, 0.475371, 0.00192615
682, 0.00192615, 0.00192615, 0.471577, 0.00201476
683, 0.00201476, 0.00201476, 0.467897, 0.00211074
684, 0.00211074, 0.00211074, 0.464278, 0.00221474
685, 0.00221474, 0.00221474, 0.460838, 0.00232731
686, 0.00232731, 0.00232731, 0.457519, 0.00244915
687, 0.00244915, 0.00244915, 0.454301, 0.00258101
688, 0.00258101, 0.00258101, 0.451175, 0.00272372
689, 0.00272372, 0.00272372, 0.448135, 0.00287822
690, 0.00287822, 0.00287822, 0.445174, 0.00304551
691, 0.00304551, 0.00304551, 0.442294, 0.00322671
692, 0.00322671, 0.00322671, 0.439505, 0.00342303
693, 0.00342303, 0.00342303, 0.436831, 0.00363572
694, 0.00363572, 0.00363572, 0.433958, 0.00386672
695, 0.00386672, 0.00386672, 0.429039, 0.00412179
696, 0.00412179, 0.00412179, 0.42729, 0.00439728
697, 0.00439728, 0.00439728, 0.426254, 0.00469346
698, 0.00469346, 0.00469346, 0.426481, 0.00500905
699, 0.00500905, 0.00500905, 0.428677, 0.00534038
700, 0.00534038, 0.00534038, 0.433786, 0.00568014
701, 0.00568014, 0.00568014, 0.442785, 0.00601677
702, 0.00601677, 0.00601677, 0.456161, 0.00633552
703, 0.00633552, 0.00633552, 0.473229, 0.00662232
704, 0.00662232, 0.00662232, 0.491948, 0.00686861
705, 0.00686861, 0.00686861, 0.509823, 0.00707339
706, 0.00707339, 0.00707339, 0.525174, 0.00724118
707, 0.00724118, 0.00724118, 0.5376, 0.00737837
708, 0.00737837, 0.00737837, 0.547566, 0.00749058
709, 0.00749058, 0.00749058, 0.555794, 0.00758185
710, 0.00758185, 0.00758185, 0.562921, 0.0076547
711, 0.0076547, 0.0076547, 0.5694, 0.00771058
712, 0.00771058, 0.00771058, 0.575512, 0.0077503
713, 0.0077503, 0.0077503, 0.58142, 0.00777434
714, 0.00777434, 0.00777434, 0.587204, 0.00778302
715, 0.00778302, 0.00778302, 0.58741, 0.00779116
716, 0.00779116, 0.00779116, 0.592853, 0.00778494
717, 0.00778494, 0.00778494, 0.598351, 0.00776438
718, 0.00776438, 0.00776438, 0.603864, 0.00772968
719, 0.00772968, 0.00772968, 0.609562, 0.00768069
720, 0.00768069, 0.00768069, 0.615887, 0.00761627
721, 0.00761627, 0.00761627, 0.623877, 0.00753295
722, 0.00753295, 0.00753295, 0.635769, 0.00742246
723, 0.00742246, 0.00742246, 0.655833, 0.00726828
724, 0.00726828, 0.00726828, 0.6903, 0.00704477
725, 0.00704477, 0.00704477, 0.742842, 0.00672868
726, 0.00672868, 0.00672868, 0.804762, 0.00632468
727, 0.00632468, 0.00632468, 0.855484, 0.00587271
728, 0.00587271, 0.00587271, 0.882257, 0.00541954
729, 0.00541954, 0.00541954, 0.888782, 0.00499397
730, 0.00499397, 0.00499397, 0.884253, 0.00460652
731, 0.00460652, 0.00460652, 0.875149, 0.00425794
732, 0.00425794, 0.00425794, 0.864627, 0.00394526
733, 0.00394526, 0.00394526, 0.850174, 0.00366789
734, 0.00366789, 0.00366789, 0.837106, 0.00342061
735, 0.00342061, 0.00342061, 0.827871, 0.00319708
736, 0.00319708, 0.00319708, 0.819209, 0.00299445
737, 0.00299445, 0.00299445, 0.81093, 0.00281036
738, 0.00281036, 0.00281036, 0.802945, 0.00264282
739, 0.00264282, 0.00264282, 0.795175, 0.00249011
740, 0.00249011, 0.00249011, 0.787549, 0.00235074
741, 0.00235074, 0.00235074, 0.780003, 0.00222345
742, 0.00222345, 0.00222345, 0.772479, 0.00210714
743, 0.00210714, 0.00210714, 0.764727, 0.00200094
744, 0.00200094, 0.00200094, 0.757057, 0.00190393
745, 0.00190393, 0.00190393, 0.749315, 0.00181535
746, 0.00181535, 0.00181535, 0.74148, 0.00173454
747, 0.00173454, 0.00173454, 0.733574, 0.00166088
748, 0.00166088, 0.00166088, 0.725644, 0.0015938
749, 0.0015938, 0.0015938, 0.717762, 0.00153279
750, 0.00153279, 0.00153279, 0.710014, 0.00147731
751, 0.00147731, 0.00147731, 0.702482, 0.00142688
752, 0.00142688, 0.00142688, 0.695218, 0.00138103
753, 0.00138103, 0.00138103, 0.688213, 0.00133938
754, 0.00133938, 0.00133938, 0.681375, 0.00130157
755, 0.00130157, 0.00130157, 0.674524, 0.00126739
756, 0.00126739, 0.00126739, 0.66742, 0.00123673
757, 0.00123673, 0.00123673, 0.659809, 0.00120957
758, 0.00120957, 0.00120957, 0.651492, 0.00118602
759, 0.00118602, 0.00118602, 0.642368, 0.00116622
760, 0.00116622, 0.00116622, 0.63246, 0.00115031
761, 0.00115031, 0.00115031, 0.621901, 0.00113845
762, 0.00113845, 0.00113845, 0.6109, 0.00113074
763, 0.00113074, 0.00113074, 0.599704, 0.00112724
764, 0.00112724, 0.00112724, 0.580272, 0.00113118
765, 0.00113118, 0.00113118, 0.569109, 0.00113956
766, 0.00113956, 0.00113956, 0.559237, 0.00115202
767, 0.00115202, 0.00115202, 0.550022, 0.00116849
768, 0.00116849, 0.00116849, 0.541605, 0.00118886
769, 0.00118886, 0.00118886, 0.534082, 0.00121298
770, 0.00121298, 0.00121298, 0.527499, 0.00124065
771, 0.00124065, 0.00124065, 0.521836, 0.00127171
772, 0.00127171, 0.00127171, 0.516998, 0.00130596
773, 0.00130596, 0.00130596, 0.512816, 0.00134333
774, 0.00134333, 0.00134333, 0.509074, 0.00138378
775, 0.00138378, 0.00138378, 0.505549, 0.00142744
776, 0.00142744, 0.00142744, 0.502054, 0.00147452
777, 0.00147452, 0.00147452, 0.498465, 0.00152534
778, 0.00152534, 0.00152534, 0.494733, 0.00158028
779, 0.00158028, 0.00158028, 0.490869, 0.00163977
780, 0.00163977, 0.00163977, 0.486917, 0.00170426
781, 0.00170426, 0.00170426, 0.482936, 0.00177419
782, 0.00177419, 0.00177419, 0.478981, 0.00185003
783, 0.00185003, 0.00185003, 0.475097, 0.00193226
784, 0.00193226, 0.00193226, 0.47131, 0.00202137
785, 0.00202137, 0.00202137, 0.467639, 0.0021179
786, 0.0021179, 0.0021179, 0.464024, 0.00222249
787, 0.00222249, 0.00222249, 0.460597, 0.00233571
788, 0.00233571, 0.00233571, 0.457285, 0.00245824
789, 0.00245824, 0.00245824, 0.454074, 0.00259084
790, 0.00259084, 0.00259084, 0.450955, 0.00273437
791, 0.00273437, 0.00273437, 0.44792, 0.00288974
792, 0.00288974, 0.00288974, 0.444965, 0.00305799
793, 0.00305799, 0.00305799, 0.442092, 0.00324024
794, 0.00324024, 0.00324024, 0.43931, 0.00343768
795, 0.00343768, 0.00343768, 0.436646, 0.00365159
796, 0.00365159, 0.00365159, 0.433565, 0.0038843
797, 0.0038843, 0.0038843, 0.428895, 0.00414081
798, 0.00414081, 0.00414081, 0.427185, 0.00441779
799, 0.00441779, 0.00441779, 0.426221, 0.00471542
