loop num, max err, min err, sum err, err_count, mean h, attempts, accepts, rejects, max con rejects
1, 0, 0, 0, 0, 0.05, 1, 0, 1, 1
2, 0.524349, 0, 0.524349, 1, 0.00760613, 1, 1, 0, 0
3, 0.590159, 0, 0.590159, 1, 0.00778901, 1, 1, 0, 0
4, 0.59559, 0, 0.59559, 1, 0.00778988, 1, 1, 0, 0
5, 0.601084, 0, 0.601084, 1, 0.00777649, 1, 1, 0, 0
6, 0.606656, 0, 0.606656, 1, 0.00774888, 1, 1, 0, 0
7, 0.612584, 0, 0.612584, 1, 0.00770714, 1, 1, 0, 0
8, 0.619551, 0, 0.619551, 1, 0.00765072, 1, 1, 0, 0
9, 0.629094, 0, 0.629094, 1, 0.00757756, 1, 1, 0, 0
10, 0.644364, 0, 0.644364, 1, 0.00748219, 1, 1, 0, 0
11, 0.670781, 0, 0.670781, 1, 0.00735267, 1, 1, 0, 0
12, 0.714314, 0, 0.714314, 1, 0.00716756, 1, 1, 0, 0
13, 0.77365, 0, 0.77365, 1, 0.0068998, 1, 1, 0, 0
14, 0.832609, 0, 0.832609, 1, 0.00653687, 1, 1, 0, 0
15, 0.871853, 0, 0.871853, 1, 0.00610273, 1, 1, 0, 0
16, 0.887441, 0, 0.887441, 1, 0.00564518, 1, 1, 0, 0
17, 0.887415, 0, 0.887415, 1, 0.00520346, 1, 1, 0, 0
18, 0.88004, 0, 0.88004, 1, 0.00479634, 1, 1, 0, 0
19, 0.869985, 0, 0.869985, 1, 0.00442845, 1, 1, 0, 0
20, 0.858946, 0, 0.858946, 1, 0.00409819, 1, 1, 0, 0
21, 0.842019, 0, 0.842019, 1, 0.00380226, 1, 1, 0, 0
22, 0.832399, 0, 0.832399, 1, 0.00354176, 1, 1, 0, 0
23, 0.82351, 0, 0.82351, 1, 0.00330671, 1, 1, 0, 0
24, 0.815052, 0, 0.815052, 1, 0.00309389, 1, 1, 0, 0
25, 0.806929, 0, 0.806929, 1, 0.00290075, 1, 1, 0, 0
26, 0.79906, 0, 0.79906, 1, 0.00272512, 1, 1, 0, 0
27, 0.79137, 0, 0.79137, 1, 0.00256514, 1, 1, 0, 0
28, 0.783791, 0, 0.783791, 1, 0.00241924, 1, 1, 0, 0
29, 0.776263, 0, 0.776263, 1, 0.00228602, 1, 1, 0, 0
30, 0.768644, 0, 0.768644, 1, 0.00216432, 1, 1, 0, 0
31, 0.760917, 0, 0.760917, 1, 0.00205314, 1, 1, 0, 0
32, 0.753219, 0, 0.753219, 1, 0.00195162, 1, 1, 0, 0
33, 0.745431, 0, 0.745431, 1, 0.00185888, 1, 1, 0, 0
34, 0.737556, 0, 0.737556, 1, 0.00177424, 1, 1, 0, 0
35, 0.72963, 0, 0.72963, 1, 0.00169706, 1, 1, 0, 0
36, 0.721714, 0, 0.721714, 1, 0.00162674, 1, 1, 0, 0
37, 0.713888, 0, 0.713888, 1, 0.00156275, 1, 1, 0, 0
38, 0.706238, 0, 0.706238, 1, 0.00150454, 1, 1, 0, 0
39, 0.698836, 0, 0.698836, 1, 0.00145163, 1, 1, 0, 0
40, 0.691707, 0, 0.691707, 1, 0.00140354, 1, 1, 0, 0
41, 0.684802, 0, 0.684802, 1, 0.00135982, 1, 1, 0, 0
42, 0.677985, 0, 0.677985, 1, 0.00132012, 1, 1, 0, 0
43, 0.67104, 0, 0.67104, 1, 0.00128413, 1, 1, 0, 0
44, 0.663714, 0, 0.663714, 1, 0.00125171, 1, 1, 0, 0
45, 0.655771, 0, 0.655771, 1, 0.00122278, 1, 1, 0, 0
46, 0.647058, 0, 0.647058, 1, 0.00119741, 1, 1, 0, 0
47, 0.637534, 0, 0.637534, 1, 0.0011757, 1, 1, 0, 0
48, 0.627281, 0, 0.627281, 1, 0.00115781, 1, 1, 0, 0
49, 0.616472, 0, 0.616472, 1, 0.0011439, 1, 1, 0, 0
50, 0.605342, 0, 0.605342, 1, 0.00113409, 1, 1, 0, 0
51, 0.590341, 0, 0.590341, 1, 0.00112847, 1, 1, 0, 0
52, 0.574259, 0, 0.574259, 1, 0.00112853, 1, 1, 0, 0
53, 0.564127, 0, 0.564127, 1, 0.00113483, 1, 1, 0, 0
54, 0.554562, 0, 0.554562, 1, 0.00114525, 1, 1, 0, 0
55, 0.545729, 0, 0.545729, 1, 0.00115972, 1, 1, 0, 0
56, 0.537747, 0, 0.537747, 1, 0.00117815, 1, 1, 0, 0
57, 0.530689, 0, 0.530689, 1, 0.0012004, 1, 1, 0, 0
58, 0.524571, 0, 0.524571, 1, 0.00122631, 1, 1, 0, 0
59, 0.519335, 0, 0.519335, 1, 0.00125569, 1, 1, 0, 0
60, 0.514848, 0, 0.514848, 1, 0.00128835, 1, 1, 0, 0
61, 0.510914, 0, 0.510914, 1, 0.00132416, 1, 1, 0, 0
62, 0.507307, 0, 0.507307, 1, 0.00136306, 1, 1, 0, 0
63, 0.503817, 0, 0.503817, 1, 0.00140509, 1, 1, 0, 0
64, 0.500285, 0, 0.500285, 1, 0.00145041, 1, 1, 0, 0
65, 0.496627, 0, 0.496627, 1, 0.00149931, 1, 1, 0, 0
66, 0.492826, 0, 0.492826, 1, 0.00155212, 1, 1, 0, 0
67, 0.488911, 0, 0.488911, 1, 0.00160928, 1, 1, 0, 0
68, 0.484937, 0, 0.484937, 1, 0.00167119, 1, 1, 0, 0
69, 0.480963, 0, 0.480963, 1, 0.00173833, 1, 1, 0, 0
70, 0.477038, 0, 0.477038, 1, 0.00181114, 1, 1, 0, 0
71, 0.4732, 0, 0.4732, 1, 0.0018901, 1, 1, 0, 0
72, 0.469469, 0, 0.469469, 1, 0.00197569, 1, 1, 0, 0
73, 0.465827, 0, 0.465827, 1, 0.00206842, 1, 1, 0, 0
74, 0.462301, 0, 0.462301, 1, 0.00216889, 1, 1, 0, 0
75, 0.458936, 0, 0.458936, 1, 0.00227769, 1, 1, 0, 0
76, 0.455676, 0, 0.455676, 1, 0.00239545, 1, 1, 0, 0
77, 0.452512, 0, 0.452512, 1, 0.00252289, 1, 1, 0, 0
78, 0.449435, 0, 0.449435, 1, 0.00266081, 1, 1, 0, 0
79, 0.446441, 0, 0.446441, 1, 0.00281011, 1, 1, 0, 0
80, 0.443525, 0, 0.443525, 1, 0.00297176, 1, 1, 0, 0
81, 0.440695, 0, 0.440695, 1, 0.00314682, 1, 1, 0, 0
82, 0.437967, 0, 0.437967, 1, 0.00333647, 1, 1, 0, 0
83, 0.435379, 0, 0.435379, 1, 0.00354194, 1, 1, 0, 0
84, 0.430898, 0, 0.430898, 1, 0.00376452, 1, 1, 0, 0
85, 0.427972, 0, 0.427972, 1, 0.00400938, 1, 1, 0, 0
86, 0.426578, 0, 0.426578, 1, 0.00427599, 1, 1, 0, 0
87, 0.426189, 0, 0.426189, 1, 0.00456331, 1, 1, 0, 0
88, 0.427433, 0, 0.427433, 1, 0.00487081, 1, 1, 0, 0
89, 0.431161, 0, 0.431161, 1, 0.00519602, 1, 1, 0, 0
90, 0.438378, 0, 0.438378, 1, 0.00553331, 1, 1, 0, 0
91, 0.449869, 0, 0.449869, 1, 0.00587297, 1, 1, 0, 0
92, 0.465525, 0, 0.465525, 1, 0.0062013, 1, 1, 0, 0
93, 0.483843, 0, 0.483843, 1, 0.00650335, 1, 1, 0, 0
94, 0.50236, 0, 0.50236, 1, 0.00676766, 1, 1, 0, 0
95, 0.51892, 0, 0.51892, 1, 0.00699001, 1, 1, 0, 0
96, 0.532585, 0, 0.532585, 1, 0.00717299, 1, 1, 0, 0
97, 0.543527, 0, 0.543527, 1, 0.0073226, 1, 1, 0, 0
98, 0.552416, 0, 0.552416, 1, 0.00744498, 1, 1, 0, 0
99, 0.559951, 0, 0.559951, 1, 0.00754489, 1, 1, 0, 0
100, 0.566666, 0, 0.566666, 1, 0.00762544, 1, 1, 0, 0
101, 0.57291, 0, 0.57291, 1, 0.00768851, 1, 1, 0, 0
102, 0.578892, 0, 0.578892, 1, 0.00773513, 1, 1, 0, 0
103, 0.584723, 0, 0.584723, 1, 0.00776588, 1, 1, 0, 0
104, 0.587386, 0, 0.587386, 1, 0.00778114, 1, 1, 0, 0
105, 0.59047, 0, 0.59047, 1, 0.00778934, 1, 1, 0, 0
106, 0.595985, 0, 0.595985, 1, 0.0077894, 1, 1, 0, 0
107, 0.601481, 0, 0.601481, 1, 0.00777498, 1, 1, 0, 0
108, 0.607066, 0, 0.607066, 1, 0.00774635, 1, 1, 0, 0
109, 0.613038, 0, 0.613038, 1, 0.00770358, 1, 1, 0, 0
110, 0.620125, 0, 0.620125, 1, 0.00764606, 1, 1, 0, 0
111, 0.62995, 0, 0.62995, 1, 0.00757154, 1, 1, 0, 0
112, 0.645813, 0, 0.645813, 1, 0.00747422, 1, 1, 0, 0
113, 0.673287, 0, 0.673287, 1, 0.00734153, 1, 1, 0, 0
114, 0.718158, 0, 0.718158, 1, 0.00715137, 1, 1, 0, 0
115, 0.778172, 0, 0.778172, 1, 0.00687682, 1, 1, 0, 0
116, 0.836245, 0, 0.836245, 1, 0.00650752, 1, 1, 0, 0
117, 0.873703, 0, 0.873703, 1, 0.00607003, 1, 1, 0, 0
118, 0.887844, 0, 0.887844, 1, 0.00561256, 1, 1, 0, 0
119, 0.887054, 0, 0.887054, 1, 0.00517292, 1, 1, 0, 0
120, 0.879371, 0, 0.879371, 1, 0.00476857, 1, 1, 0, 0
121, 0.869224, 0, 0.869224, 1, 0.00440349, 1, 1, 0, 0
122, 0.857683, 0, 0.857683, 1, 0.0040758, 1, 1, 0, 0
123, 0.841307, 0, 0.841307, 1, 0.00378259, 1, 1, 0, 0
124, 0.831743, 0, 0.831743, 1, 0.00352404, 1, 1, 0, 0
125, 0.822889, 0, 0.822889, 1, 0.00329068, 1, 1, 0, 0
126, 0.814457, 0, 0.814457, 1, 0.00307936, 1, 1, 0, 0
127, 0.806355, 0, 0.806355, 1, 0.00288755, 1, 1, 0, 0
128, 0.798502, 0, 0.798502, 1, 0.0027131, 1, 1, 0, 0
129, 0.790822, 0, 0.790822, 1, 0.00255419, 1, 1, 0, 0
130, 0.783249, 0, 0.783249, 1, 0.00240924, 1, 1, 0, 0
131, 0.775722, 0, 0.775722, 1, 0.0022769, 1, 1, 0, 0
132, 0.768085, 0, 0.768085, 1, 0.00215598, 1, 1, 0, 0
133, 0.760366, 0, 0.760366, 1, 0.00204553, 1, 1, 0, 0
134, 0.752662, 0, 0.752662, 1, 0.00194466, 1, 1, 0, 0
135, 0.744867, 0, 0.744867, 1, 0.00185253, 1, 1, 0, 0
136, 0.736987, 0, 0.736987, 1, 0.00176845, 1, 1, 0, 0
137, 0.72906, 0, 0.72906, 1, 0.00169178, 1, 1, 0, 0
138, 0.721147, 0, 0.721147, 1, 0.00162193, 1, 1, 0, 0
139, 0.71333, 0, 0.71333, 1, 0.00155837, 1, 1, 0, 0
140, 0.705697, 0, 0.705697, 1, 0.00150057, 1, 1, 0, 0
141, 0.698314, 0, 0.698314, 1, 0.00144802, 1, 1, 0, 0
142, 0.691204, 0, 0.691204, 1, 0.00140025, 1, 1, 0, 0
143, 0.68431, 0, 0.68431, 1, 0.00135684, 1, 1, 0, 0
144, 0.677492, 0, 0.677492, 1, 0.00131741, 1, 1, 0, 0
145, 0.670529, 0, 0.670529, 1, 0.00128168, 1, 1, 0, 0
146, 0.663165, 0, 0.663165, 1, 0.00124951, 1, 1, 0, 0
147, 0.655171, 0, 0.655171, 1, 0.00122084, 1, 1, 0, 0
148, 0.646399, 0, 0.646399, 1, 0.00119572, 1, 1, 0, 0
149, 0.636819, 0, 0.636819, 1, 0.00117428, 1, 1, 0, 0
150, 0.626519, 0, 0.626519, 1, 0.00115667, 1, 1, 0, 0
151, 0.615679, 0, 0.615679, 1, 0.00114305, 1, 1, 0, 0
152, 0.604535, 0, 0.604535, 1, 0.00113354, 1, 1, 0, 0
153, 0.588884, 0, 0.588884, 1, 0.00112823, 1, 1, 0, 0
154, 0.573515, 0, 0.573515, 1, 0.00112884, 1, 1, 0, 0
155, 0.563417, 0, 0.563417, 1, 0.00113545, 1, 1, 0, 0
156, 0.5539, 0, 0.5539, 1, 0.00114615, 1, 1, 0, 0
157, 0.545125, 0, 0.545125, 1, 0.00116091, 1, 1, 0, 0
158, 0.537207, 0, 0.537207, 1, 0.00117962, 1, 1, 0, 0
159, 0.530218, 0, 0.530218, 1, 0.00120215, 1, 1, 0, 0
160, 0.524166, 0, 0.524166, 1, 0.00122831, 1, 1, 0, 0
161, 0.518989, 0, 0.518989, 1, 0.00125793, 1, 1, 0, 0
162, 0.514549, 0, 0.514549, 1, 0.00129083, 1, 1, 0, 0
163, 0.510646, 0, 0.510646, 1, 0.00132686, 1, 1, 0, 0
164, 0.507054, 0, 0.507054, 1, 0.00136598, 1, 1, 0, 0
165, 0.503565, 0, 0.503565, 1, 0.00140824, 1, 1, 0, 0
166, 0.500027, 0, 0.500027, 1, 0.00145381, 1, 1, 0, 0
167, 0.496358, 0, 0.496358, 1, 0.00150297, 1, 1, 0, 0
168, 0.492547, 0, 0.492547, 1, 0.00155609, 1, 1, 0, 0
169, 0.488626, 0, 0.488626, 1, 0.00161357, 1, 1, 0, 0
170, 0.48465, 0, 0.48465, 1, 0.00167585, 1, 1, 0, 0
171, 0.480678, 0, 0.480678, 1, 0.00174338, 1, 1, 0, 0
172, 0.476759, 0, 0.476759, 1, 0.00181661, 1, 1, 0, 0
173, 0.472927, 0, 0.472927, 1, 0.00189603, 1, 1, 0, 0
174, 0.469205, 0, 0.469205, 1, 0.00198212, 1, 1, 0, 0
175, 0.465567, 0, 0.465567, 1, 0.00207539, 1, 1, 0, 0
176, 0.462056, 0, 0.462056, 1, 0.00217643, 1, 1, 0, 0
177, 0.458698, 0, 0.458698, 1, 0.00228586, 1, 1, 0, 0
178, 0.455445, 0, 0.455445, 1, 0.00240429, 1, 1, 0, 0
179, 0.452288, 0, 0.452288, 1, 0.00253245, 1, 1, 0, 0
180, 0.449217, 0, 0.449217, 1, 0.00267117, 1, 1, 0, 0
181, 0.446228, 0, 0.446228, 1, 0.00282132, 1, 1, 0, 0
182, 0.443319, 0, 0.443319, 1, 0.00298389, 1, 1, 0, 0
183, 0.440495, 0, 0.440495, 1, 0.00315997, 1, 1, 0, 0
184, 0.437776, 0, 0.437776, 1, 0.00335071, 1, 1, 0, 0
185, 0.4352, 0, 0.4352, 1, 0.00355737, 1, 1, 0, 0
186, 0.430522, 0, 0.430522, 1, 0.00378124, 1, 1, 0, 0
187, 0.427851, 0, 0.427851, 1, 0.00402789, 1, 1, 0, 0
188, 0.42651, 0, 0.42651, 1, 0.00429597, 1, 1, 0, 0
189, 0.426215, 0, 0.426215, 1, 0.00458477, 1, 1, 0, 0
190, 0.427607, 0, 0.427607, 1, 0.00489367, 1, 1, 0, 0
191, 0.431552, 0, 0.431552, 1, 0.00521997, 1, 1, 0, 0
192, 0.439057, 0, 0.439057, 1, 0.00555781, 1, 1, 0, 0
193, 0.450866, 0, 0.450866, 1, 0.00589715, 1, 1, 0, 0
194, 0.466781, 0, 0.466781, 1, 0.00622408, 1, 1, 0, 0
195, 0.4852, 0, 0.4852, 1, 0.00652372, 1, 1, 0, 0
196, 0.503636, 0, 0.503636, 1, 0.00678506, 1, 1, 0, 0
197, 0.520003, 0, 0.520003, 1, 0.00700443, 1, 1, 0, 0
198, 0.533457, 0, 0.533457, 1, 0.00718479, 1, 1, 0, 0
199, 0.544226, 0, 0.544226, 1, 0.00733224, 1, 1, 0, 0
200, 0.552996, 0, 0.552996, 1, 0.00745287, 1, 1, 0, 0
201, 0.560456, 0, 0.560456, 1, 0.0075513, 1, 1, 0, 0
202, 0.567127, 0, 0.567127, 1, 0.00763055, 1, 1, 0, 0
203, 0.573347, 0, 0.573347, 1, 0.00769241, 1, 1, 0, 0
204, 0.579316, 0, 0.579316, 1, 0.00773787, 1, 1, 0, 0
205, 0.585138, 0, 0.585138, 1, 0.00776749, 1, 1, 0, 0
206, 0.587391, 0, 0.587391, 1, 0.00778164, 1, 1, 0, 0
207, 0.590869, 0, 0.590869, 1, 0.00778984, 1, 1, 0, 0
208, 0.596381, 0, 0.596381, 1, 0.00778884, 1, 1, 0, 0
209, 0.601877, 0, 0.601877, 1, 0.00777339, 1, 1, 0, 0
210, 0.607477, 0, 0.607477, 1, 0.00774375, 1, 1, 0, 0
211, 0.613498, 0, 0.613498, 1, 0.00769995, 1, 1, 0, 0
212, 0.620713, 0, 0.620713, 1, 0.00764131, 1, 1, 0, 0
213, 0.630836, 0, 0.630836, 1, 0.00756541, 1, 1, 0, 0
214, 0.647323, 0, 0.647323, 1, 0.00746606, 1, 1, 0, 0
215, 0.675887, 0, 0.675887, 1, 0.0073301, 1, 1, 0, 0
216, 0.72209, 0, 0.72209, 1, 0.00713473, 1, 1, 0, 0
217, 0.782687, 0, 0.782687, 1, 0.00685333, 1, 1, 0, 0
218, 0.839768, 0, 0.839768, 1, 0.00647778, 1, 1, 0, 0
219, 0.875428, 0, 0.875428, 1, 0.00603722, 1, 1, 0, 0
220, 0.88817, 0, 0.88817, 1, 0.00558002, 1, 1, 0, 0
221, 0.886658, 0, 0.886658, 1, 0.00514255, 1, 1, 0, 0
222, 0.878689, 0, 0.878689, 1, 0.004741, 1, 1, 0, 0
223, 0.86846, 0, 0.86846, 1, 0.0043787, 1, 1, 0, 0
224, 0.856422, 0, 0.856422, 1, 0.00405357, 1, 1, 0, 0
225, 0.840598, 0, 0.840598, 1, 0.00376308, 1, 1, 0, 0
226, 0.83109, 0, 0.83109, 1, 0.00350645, 1, 1, 0, 0
227, 0.822269, 0, 0.822269, 1, 0.00327477, 1, 1, 0, 0
228, 0.813864, 0, 0.813864, 1, 0.00306493, 1, 1, 0, 0
229, 0.805783, 0, 0.805783, 1, 0.00287444, 1, 1, 0, 0
230, 0.797944, 0, 0.797944, 1, 0.00270117, 1, 1, 0, 0
231, 0.790274, 0, 0.790274, 1, 0.00254331, 1, 1, 0, 0
232, 0.782706, 0, 0.782706, 1, 0.00239931, 1, 1, 0, 0
233, 0.77518, 0, 0.77518, 1, 0.00226782, 1, 1, 0, 0
234, 0.767525, 0, 0.767525, 1, 0.00214769, 1, 1, 0, 0
235, 0.759814, 0, 0.759814, 1, 0.00203796, 1, 1, 0, 0
236, 0.752104, 0, 0.752104, 1, 0.00193774, 1, 1, 0, 0
237, 0.744302, 0, 0.744302, 1, 0.00184622, 1, 1, 0, 0
238, 0.736417, 0, 0.736417, 1, 0.00176269, 1, 1, 0, 0
239, 0.728489, 0, 0.728489, 1, 0.00168653, 1, 1, 0, 0
240, 0.72058, 0, 0.72058, 1, 0.00161715, 1, 1, 0, 0
241, 0.712774, 0, 0.712774, 1, 0.00155402, 1, 1, 0, 0
242, 0.705157, 0, 0.705157, 1, 0.00149661, 1, 1, 0, 0
243, 0.697794, 0, 0.697794, 1, 0.00144443, 1, 1, 0, 0
244, 0.690701, 0, 0.690701, 1, 0.00139699, 1, 1, 0, 0
245, 0.683819, 0, 0.683819, 1, 0.00135387, 1, 1, 0, 0
246, 0.676999, 0, 0.676999, 1, 0.00131471, 1, 1, 0, 0
247, 0.670015, 0, 0.670015, 1, 0.00127925, 1, 1, 0, 0
248, 0.662613, 0, 0.662613, 1, 0.00124733, 1, 1, 0, 0
249, 0.654567, 0, 0.654567, 1, 0.00121891, 1, 1, 0, 0
250, 0.645736, 0, 0.645736, 1, 0.00119405, 1, 1, 0, 0
251, 0.6361, 0, 0.6361, 1, 0.00117288, 1, 1, 0, 0
252, 0.625754, 0, 0.625754, 1, 0.00115556, 1, 1, 0, 0
253, 0.614884, 0, 0.614884, 1, 0.00114223, 1, 1, 0, 0
254, 0.603728, 0, 0.603728, 1, 0.00113302, 1, 1, 0, 0
255, 0.587432, 0, 0.587432, 1, 0.00112801, 1, 1, 0, 0
256, 0.572772, 0, 0.572772, 1, 0.00112918, 1, 1, 0, 0
257, 0.562711, 0, 0.562711, 1, 0.00113608, 1, 1, 0, 0
258, 0.553242, 0, 0.553242, 1, 0.00114708, 1, 1, 0, 0
259, 0.544525, 0, 0.544525, 1, 0.00116213, 1, 1, 0, 0
260, 0.536673, 0, 0.536673, 1, 0.00118112, 1, 1, 0, 0
261, 0.529751, 0, 0.529751, 1, 0.00120391, 1, 1, 0, 0
262, 0.523766, 0, 0.523766, 1, 0.00123033, 1, 1, 0, 0
263, 0.518647, 0, 0.518647, 1, 0.00126019, 1, 1, 0, 0
264, 0.514253, 0, 0.514253, 1, 0.00129332, 1, 1, 0, 0
265, 0.51038, 0, 0.51038, 1, 0.00132957, 1, 1, 0, 0
266, 0.506802, 0, 0.506802, 1, 0.00136891, 1, 1, 0, 0
267, 0.503314, 0, 0.503314, 1, 0.0014114, 1, 1, 0, 0
268, 0.499768, 0, 0.499768, 1, 0.00145722, 1, 1, 0, 0
269, 0.496089, 0, 0.496089, 1, 0.00150666, 1, 1, 0, 0
270, 0.492268, 0, 0.492268, 1, 0.00156007, 1, 1, 0, 0
271, 0.488341, 0, 0.488341, 1, 0.00161788, 1, 1, 0, 0
272, 0.484363, 0, 0.484363, 1, 0.00168053, 1, 1, 0, 0
273, 0.480394, 0, 0.480394, 1, 0.00174845, 1, 1, 0, 0
274, 0.47648, 0, 0.47648, 1, 0.00182212, 1, 1, 0, 0
275, 0.472656, 0, 0.472656, 1, 0.001902, 1, 1, 0, 0
276, 0.468942, 0, 0.468942, 1, 0.00198858, 1, 1, 0, 0
277, 0.465307, 0, 0.465307, 1, 0.00208239, 1, 1, 0, 0
278, 0.46181, 0, 0.46181, 1, 0.00218402, 1, 1, 0, 0
279, 0.458461, 0, 0.458461, 1, 0.00229407, 1, 1, 0, 0
280, 0.455215, 0, 0.455215, 1, 0.00241318, 1, 1, 0, 0
281, 0.452064, 0, 0.452064, 1, 0.00254207, 1, 1, 0, 0
282, 0.448999, 0, 0.448999, 1, 0.00268158, 1, 1, 0, 0
283, 0.446016, 0, 0.446016, 1, 0.00283259, 1, 1, 0, 0
284, 0.443112, 0, 0.443112, 1, 0.0029961, 1, 1, 0, 0
285, 0.440296, 0, 0.440296, 1, 0.00317319, 1, 1, 0, 0
286, 0.437585, 0, 0.437585, 1, 0.00336504, 1, 1, 0, 0
287, 0.435022, 0, 0.435022, 1, 0.00357289, 1, 1, 0, 0
288, 0.430149, 0, 0.430149, 1, 0.00379805, 1, 1, 0, 0
289, 0.427734, 0, 0.427734, 1, 0.00404649, 1, 1, 0, 0
290, 0.426447, 0, 0.426447, 1, 0.00431605, 1, 1, 0, 0
291, 0.42625, 0, 0.42625, 1, 0.00460634, 1, 1, 0, 0
292, 0.427793, 0, 0.427793, 1, 0.00491661, 1, 1, 0, 0
293, 0.431961, 0, 0.431961, 1, 0.00524399, 1, 1, 0, 0
294, 0.439758, 0, 0.439758, 1, 0.00558233, 1, 1, 0, 0
295, 0.451885, 0, 0.451885, 1, 0.00592127, 1, 1, 0, 0
296, 0.46805, 0, 0.46805, 1, 0.00624672, 1, 1, 0, 0
297, 0.486556, 0, 0.486556, 1, 0.00654389, 1, 1, 0, 0
298, 0.5049, 0, 0.5049, 1, 0.00680224, 1, 1, 0, 0
299, 0.52107, 0, 0.52107, 1, 0.00701865, 1, 1, 0, 0
300, 0.534314, 0, 0.534314, 1, 0.00719642, 1, 1, 0, 0
301, 0.544915, 0, 0.544915, 1, 0.00734175, 1, 1, 0, 0
302, 0.553569, 0, 0.553569, 1, 0.00746065, 1, 1, 0, 0
303, 0.560958, 0, 0.560958, 1, 0.00755762, 1, 1, 0, 0
304, 0.567587, 0, 0.567587, 1, 0.00763557, 1, 1, 0, 0
305, 0.573784, 0, 0.573784, 1, 0.00769622, 1, 1, 0, 0
306, 0.579739, 0, 0.579739, 1, 0.00774052, 1, 1, 0, 0
307, 0.585553, 0, 0.585553, 1, 0.00776902, 1, 1, 0, 0
308, 0.587397, 0, 0.587397, 1, 0.00778208, 1, 1, 0, 0
309, 0.591267, 0, 0.591267, 1, 0.00779025, 1, 1, 0, 0
310, 0.596776, 0, 0.596776, 1, 0.00778821, 1, 1, 0, 0
311, 0.602274, 0, 0.602274, 1, 0.00777173, 1, 1, 0, 0
312, 0.60789, 0, 0.60789, 1, 0.00774108, 1, 1, 0, 0
313, 0.613964, 0, 0.613964, 1, 0.00769624, 1, 1, 0, 0
314, 0.621315, 0, 0.621315, 1, 0.00763647, 1, 1, 0, 0
315, 0.631754, 0, 0.631754, 1, 0.00755915, 1, 1, 0, 0
316, 0.648894, 0, 0.648894, 1, 0.00745772, 1, 1, 0, 0
317, 0.678581, 0, 0.678581, 1, 0.00731836, 1, 1, 0, 0
318, 0.726104, 0, 0.726104, 1, 0.00711763, 1, 1, 0, 0
319, 0.787183, 0, 0.787183, 1, 0.00682934, 1, 1, 0, 0
320, 0.84317, 0, 0.84317, 1, 0.00644771, 1, 1, 0, 0
321, 0.87703, 0, 0.87703, 1, 0.00600434, 1, 1, 0, 0
322, 0.888424, 0, 0.888424, 1, 0.0055476, 1, 1, 0, 0
323, 0.886231, 0, 0.886231, 1, 0.00511238, 1, 1, 0, 0
324, 0.877998, 0, 0.877998, 1, 0.00471364, 1, 1, 0, 0
325, 0.867695, 0, 0.867695, 1, 0.00435412, 1, 1, 0, 0
326, 0.855164, 0, 0.855164, 1, 0.00403153, 1, 1, 0, 0
327, 0.839893, 0, 0.839893, 1, 0.00374371, 1, 1, 0, 0
328, 0.83044, 0, 0.83044, 1, 0.00348899, 1, 1, 0, 0
329, 0.821652, 0, 0.821652, 1, 0.00325897, 1, 1, 0, 0
330, 0.813272, 0, 0.813272, 1, 0.0030506, 1, 1, 0, 0
331, 0.805211, 0, 0.805211, 1, 0.00286142, 1, 1, 0, 0
332, 0.797387, 0, 0.797387, 1, 0.00268931, 1, 1, 0, 0
333, 0.789727, 0, 0.789727, 1, 0.0025325, 1, 1, 0, 0
334, 0.782164, 0, 0.782164, 1, 0.00238945, 1, 1, 0, 0
335, 0.774639, 0, 0.774639, 1, 0.00225881, 1, 1, 0, 0
336, 0.766966, 0, 0.766966, 1, 0.00213945, 1, 1, 0, 0
337, 0.759262, 0, 0.759262, 1, 0.00203044, 1, 1, 0, 0
338, 0.751546, 0, 0.751546, 1, 0.00193088, 1, 1, 0, 0
339, 0.743737, 0, 0.743737, 1, 0.00183995, 1, 1, 0, 0
340, 0.735848, 0, 0.735848, 1, 0.00175697, 1, 1, 0, 0
341, 0.727918, 0, 0.727918, 1, 0.00168132, 1, 1, 0, 0
342, 0.720014, 0, 0.720014, 1, 0.00161241, 1, 1, 0, 0
343, 0.712219, 0, 0.712219, 1, 0.00154971, 1, 1, 0, 0
344, 0.704618, 0, 0.704618, 1, 0.00149269, 1, 1, 0, 0
345, 0.697275, 0, 0.697275, 1, 0.00144086, 1, 1, 0, 0
346, 0.6902, 0, 0.6902, 1, 0.00139374, 1, 1, 0, 0
347, 0.683329, 0, 0.683329, 1, 0.00135092, 1, 1, 0, 0
348, 0.676505, 0, 0.676505, 1, 0.00131204, 1, 1, 0, 0
349, 0.6695, 0, 0.6695, 1, 0.00127684, 1, 1, 0, 0
350, 0.662058, 0, 0.662058, 1, 0.00124517, 1, 1, 0, 0
351, 0.653959, 0, 0.653959, 1, 0.001217, 1, 1, 0, 0
352, 0.645069, 0, 0.645069, 1, 0.0011924, 1, 1, 0, 0
353, 0.635378, 0, 0.635378, 1, 0.00117151, 1, 1, 0, 0
354, 0.624987, 0, 0.624987, 1, 0.00115447, 1, 1, 0, 0
355, 0.614088, 0, 0.614088, 1, 0.00114143, 1, 1, 0, 0
356, 0.602921, 0, 0.602921, 1, 0.00113252, 1, 1, 0, 0
357, 0.585985, 0, 0.585985, 1, 0.00112781, 1, 1, 0, 0
358, 0.572033, 0, 0.572033, 1, 0.00112954, 1, 1, 0, 0
359, 0.562008, 0, 0.562008, 1, 0.00113674, 1, 1, 0, 0
360, 0.552588, 0, 0.552588, 1, 0.00114803, 1, 1, 0, 0
361, 0.54393, 0, 0.54393, 1, 0.00116336, 1, 1, 0, 0
362, 0.536143, 0, 0.536143, 1, 0.00118263, 1, 1, 0, 0
363, 0.52929, 0, 0.52929, 1, 0.00120569, 1, 1, 0, 0
364, 0.52337, 0, 0.52337, 1, 0.00123237, 1, 1, 0, 0
365, 0.518309, 0, 0.518309, 1, 0.00126247, 1, 1, 0, 0
366, 0.51396, 0, 0.51396, 1, 0.00129582, 1, 1, 0, 0
367, 0.510115, 0, 0.510115, 1, 0.0013323, 1, 1, 0, 0
368, 0.50655, 0, 0.50655, 1, 0.00137186, 1, 1, 0, 0
369, 0.503062, 0, 0.503062, 1, 0.00141458, 1, 1, 0, 0
370, 0.499508, 0, 0.499508, 1, 0.00146065, 1, 1, 0, 0
371, 0.495818, 0, 0.495818, 1, 0.00151036, 1, 1, 0, 0
372, 0.491988, 0, 0.491988, 1, 0.00156408, 1, 1, 0, 0
373, 0.488056, 0, 0.488056, 1, 0.00162222, 1, 1, 0, 0
374, 0.484077, 0, 0.484077, 1, 0.00168523, 1, 1, 0, 0
375, 0.48011, 0, 0.48011, 1, 0.00175355, 1, 1, 0, 0
376, 0.476201, 0, 0.476201, 1, 0.00182765, 1, 1, 0, 0
377, 0.472385, 0, 0.472385, 1, 0.001908, 1, 1, 0, 0
378, 0.468679, 0, 0.468679, 1, 0.00199508, 1, 1, 0, 0
379, 0.465048, 0, 0.465048, 1, 0.00208943, 1, 1, 0, 0
380, 0.461566, 0, 0.461566, 1, 0.00219165, 1, 1, 0, 0
381, 0.458224, 0, 0.458224, 1, 0.00230233, 1, 1, 0, 0
382, 0.454985, 0, 0.454985, 1, 0.00242211, 1, 1, 0, 0
383, 0.451841, 0, 0.451841, 1, 0.00255174, 1, 1, 0, 0
384, 0.448782, 0, 0.448782, 1, 0.00269205, 1, 1, 0, 0
385, 0.445804, 0, 0.445804, 1, 0.00284392, 1, 1, 0, 0
386, 0.442907, 0, 0.442907, 1, 0.00300837, 1, 1, 0, 0
387, 0.440097, 0, 0.440097, 1, 0.00318648, 1, 1, 0, 0
388, 0.437395, 0, 0.437395, 1, 0.00337944, 1, 1, 0, 0
389, 0.434845, 0, 0.434845, 1, 0.00358849, 1, 1, 0, 0
390, 0.429779, 0, 0.429779, 1, 0.00381494, 1, 1, 0, 0
391, 0.427619, 0, 0.427619, 1, 0.0040652, 1, 1, 0, 0
392, 0.42639, 0, 0.42639, 1, 0.00433623, 1, 1, 0, 0
393, 0.426294, 0, 0.426294, 1, 0.004628, 1, 1, 0, 0
394, 0.427994, 0, 0.427994, 1, 0.00493963, 1, 1, 0, 0
395, 0.432389, 0, 0.432389, 1, 0.00526804, 1, 1, 0, 0
396, 0.440481, 0, 0.440481, 1, 0.00560682, 1, 1, 0, 0
397, 0.452925, 0, 0.452925, 1, 0.0059453, 1, 1, 0, 0
398, 0.46933, 0, 0.46933, 1, 0.00626919, 1, 1, 0, 0
399, 0.48791, 0, 0.48791, 1, 0.00656384, 1, 1, 0, 0
400, 0.506152, 0, 0.506152, 1, 0.00681919, 1, 1, 0, 0
401, 0.522121, 0, 0.522121, 1, 0.00703265, 1, 1, 0, 0
402, 0.535157, 0, 0.535157, 1, 0.00720788, 1, 1, 0, 0
403, 0.545593, 0, 0.545593, 1, 0.00735112, 1, 1, 0, 0
404, 0.554135, 0, 0.554135, 1, 0.00746831, 1, 1, 0, 0
405, 0.561455, 0, 0.561455, 1, 0.00756383, 1, 1, 0, 0
406, 0.568044, 0, 0.568044, 1, 0.00764049, 1, 1, 0, 0
407, 0.574218, 0, 0.574218, 1, 0.00769994, 1, 1, 0, 0
408, 0.580161, 0, 0.580161, 1, 0.00774309, 1, 1, 0, 0
409, 0.585967, 0, 0.585967, 1, 0.00777047, 1, 1, 0, 0
410, 0.587401, 0, 0.587401, 1, 0.00778243, 1, 1, 0, 0
411, 0.591665, 0, 0.591665, 1, 0.0077906, 1, 1, 0, 0
412, 0.59717, 0, 0.59717, 1, 0.0077875, 1, 1, 0, 0
413, 0.602672, 0, 0.602672, 1, 0.00777, 1, 1, 0, 0
414, 0.608305, 0, 0.608305, 1, 0.00773833, 1, 1, 0, 0
415, 0.614435, 0, 0.614435, 1, 0.00769246, 1, 1, 0, 0
416, 0.621931, 0, 0.621931, 1, 0.00763155, 1, 1, 0, 0
417, 0.632705, 0, 0.632705, 1, 0.00755278, 1, 1, 0, 0
418, 0.650529, 0, 0.650529, 1, 0.00744919, 1, 1, 0, 0
419, 0.68137, 0, 0.68137, 1, 0.00730631, 1, 1, 0, 0
420, 0.730192, 0, 0.730192, 1, 0.00710009, 1, 1, 0, 0
421, 0.791649, 0, 0.791649, 1, 0.00680486, 1, 1, 0, 0
422, 0.846446, 0, 0.846446, 1, 0.00641734, 1, 1, 0, 0
423, 0.87851, 0, 0.87851, 1, 0.00597142, 1, 1, 0, 0
424, 0.888608, 0, 0.888608, 1, 0.00551532, 1, 1, 0, 0
425, 0.885775, 0, 0.885775, 1, 0.00508243, 1, 1, 0, 0
426, 0.877297, 0, 0.877297, 1, 0.00468651, 1, 1, 0, 0
427, 0.866928, 0, 0.866928, 1, 0.00432975, 1, 1, 0, 0
428, 0.85391, 0, 0.85391, 1, 0.00400967, 1, 1, 0, 0
429, 0.83919, 0, 0.83919, 1, 0.0037245, 1, 1, 0, 0
430, 0.829793, 0, 0.829793, 1, 0.00347167, 1, 1, 0, 0
431, 0.821037, 0, 0.821037, 1, 0.0032433, 1, 1, 0, 0
432, 0.812683, 0, 0.812683, 1, 0.00303639, 1, 1, 0, 0
433, 0.804642, 0, 0.804642, 1, 0.0028485, 1, 1, 0, 0
434, 0.796832, 0, 0.796832, 1, 0.00267755, 1, 1, 0, 0
435, 0.789181, 0, 0.789181, 1, 0.00252178, 1, 1, 0, 0
436, 0.781622, 0, 0.781622, 1, 0.00237966, 1, 1, 0, 0
437, 0.774098, 0, 0.774098, 1, 0.00224987, 1, 1, 0, 0
438, 0.766406, 0, 0.766406, 1, 0.00213128, 1, 1, 0, 0
439, 0.75871, 0, 0.75871, 1, 0.00202298, 1, 1, 0, 0
440, 0.750988, 0, 0.750988, 1, 0.00192406, 1, 1, 0, 0
441, 0.743172, 0, 0.743172, 1, 0.00183373, 1, 1, 0, 0
442, 0.735278, 0, 0.735278, 1, 0.00175129, 1, 1, 0, 0
443, 0.727348, 0, 0.727348, 1, 0.00167614, 1, 1, 0, 0
444, 0.719449, 0, 0.719449, 1, 0.0016077, 1, 1, 0, 0
445, 0.711665, 0, 0.711665, 1, 0.00154542, 1, 1, 0, 0
446, 0.704081, 0, 0.704081, 1, 0.0014888, 1, 1, 0, 0
447, 0.696757, 0, 0.696757, 1, 0.00143732, 1, 1, 0, 0
448, 0.689701, 0, 0.689701, 1, 0.00139053, 1, 1, 0, 0
449, 0.682839, 0, 0.682839, 1, 0.001348, 1, 1, 0, 0
450, 0.67601, 0, 0.67601, 1, 0.00130939, 1, 1, 0, 0
451, 0.668982, 0, 0.668982, 1, 0.00127444, 1, 1, 0, 0
452, 0.6615, 0, 0.6615, 1, 0.00124303, 1, 1, 0, 0
453, 0.653347, 0, 0.653347, 1, 0.00121511, 1, 1, 0, 0
454, 0.644399, 0, 0.644399, 1, 0.00119078, 1, 1, 0, 0
455, 0.634652, 0, 0.634652, 1, 0.00117015, 1, 1, 0, 0
456, 0.624218, 0, 0.624218, 1, 0.00115339, 1, 1, 0, 0
457, 0.613291, 0, 0.613291, 1, 0.00114065, 1, 1, 0, 0
458, 0.602115, 0, 0.602115, 1, 0.00113204, 1, 1, 0, 0
459, 0.584546, 0, 0.584546, 1, 0.00112763, 1, 1, 0, 0
460, 0.571296, 0, 0.571296, 1, 0.00112992, 1, 1, 0, 0
461, 0.561308, 0, 0.561308, 1, 0.00113741, 1, 1, 0, 0
462, 0.551939, 0, 0.551939, 1, 0.001149, 1, 1, 0, 0
463, 0.543341, 0, 0.543341, 1, 0.00116462, 1, 1, 0, 0
464, 0.535619, 0, 0.535619, 1, 0.00118416, 1, 1, 0, 0
465, 0.528834, 0, 0.528834, 1, 0.00120749, 1, 1, 0, 0
466, 0.522979, 0, 0.522979, 1, 0.00123442, 1, 1, 0, 0
467, 0.517975, 0, 0.517975, 1, 0.00126476, 1, 1, 0, 0
468, 0.513669, 0, 0.513669, 1, 0.00129834, 1, 1, 0, 0
469, 0.509852, 0, 0.509852, 1, 0.00133504, 1, 1, 0, 0
470, 0.506299, 0, 0.506299, 1, 0.00137483, 1, 1, 0, 0
471, 0.50281, 0, 0.50281, 1, 0.00141778, 1, 1, 0, 0
472, 0.499248, 0, 0.499248, 1, 0.0014641, 1, 1, 0, 0
473, 0.495548, 0, 0.495548, 1, 0.00151408, 1, 1, 0, 0
474, 0.491709, 0, 0.491709, 1, 0.00156811, 1, 1, 0, 0
475, 0.487771, 0, 0.487771, 1, 0.00162658, 1, 1, 0, 0
476, 0.483791, 0, 0.483791, 1, 0.00168996, 1, 1, 0, 0
477, 0.479826, 0, 0.479826, 1, 0.00175868, 1, 1, 0, 0
478, 0.475924, 0, 0.475924, 1, 0.00183321, 1, 1, 0, 0
479, 0.472115, 0, 0.472115, 1, 0.00191402, 1, 1, 0, 0
480, 0.468418, 0, 0.468418, 1, 0.00200161, 1, 1, 0, 0
481, 0.464791, 0, 0.464791, 1, 0.00209651, 1, 1, 0, 0
482, 0.461322, 0, 0.461322, 1, 0.00219931, 1, 1, 0, 0
483, 0.457988, 0, 0.457988, 1, 0.00231062, 1, 1, 0, 0
484, 0.454756, 0, 0.454756, 1, 0.00243109, 1, 1, 0, 0
485, 0.451618, 0, 0.451618, 1, 0.00256146, 1, 1, 0, 0
486, 0.448566, 0, 0.448566, 1, 0.00270256, 1, 1, 0, 0
487, 0.445594, 0, 0.445594, 1, 0.00285531, 1, 1, 0, 0
488, 0.442702, 0, 0.442702, 1, 0.0030207, 1, 1, 0, 0
489, 0.439899, 0, 0.439899, 1, 0.00319984, 1, 1, 0, 0
490, 0.437206, 0, 0.437206, 1, 0.00339391, 1, 1, 0, 0
491, 0.434669, 0, 0.434669, 1, 0.00360417, 1, 1, 0, 0
492, 0.429413, 0, 0.429413, 1, 0.00383192, 1, 1, 0, 0
493, 0.427509, 0, 0.427509, 1, 0.00408398, 1, 1, 0, 0
494, 0.426338, 0, 0.426338, 1, 0.00435649, 1, 1, 0, 0
495, 0.426347, 0, 0.426347, 1, 0.00464974, 1, 1, 0, 0
496, 0.428207, 0, 0.428207, 1, 0.00496271, 1, 1, 0, 0
497, 0.432835, 0, 0.432835, 1, 0.00529213, 1, 1, 0, 0
498, 0.441227, 0, 0.441227, 1, 0.00563129, 1, 1, 0, 0
499, 0.453984, 0, 0.453984, 1, 0.00596923, 1, 1, 0, 0
500, 0.470621, 0, 0.470621, 1, 0.00629148, 1, 1, 0, 0
501, 0.489261, 0, 0.489261, 1, 0.00658356, 1, 1, 0, 0
502, 0.50739, 0, 0.50739, 1, 0.0068359, 1, 1, 0, 0
503, 0.523155, 0, 0.523155, 1, 0.00704644, 1, 1, 0, 0
504, 0.535985, 0, 0.535985, 1, 0.00721915, 1, 1, 0, 0
505, 0.546261, 0, 0.546261, 1, 0.00736034, 1, 1, 0, 0
506, 0.554695, 0, 0.554695, 1, 0.00747585, 1, 1, 0, 0
507, 0.561948, 0, 0.561948, 1, 0.00756994, 1, 1, 0, 0
508, 0.568498, 0, 0.568498, 1, 0.00764532, 1, 1, 0, 0
509, 0.574651, 0, 0.574651, 1, 0.00770357, 1, 1, 0, 0
510, 0.580581, 0, 0.580581, 1, 0.00774558, 1, 1, 0, 0
511, 0.586381, 0, 0.586381, 1, 0.00777184, 1, 1, 0, 0
512, 0.587405, 0, 0.587405, 1, 0.0077827, 1, 1, 0, 0
513, 0.592061, 0, 0.592061, 1, 0.00779086, 1, 1, 0, 0
514, 0.597564, 0, 0.597564, 1, 0.00778672, 1, 1, 0, 0
515, 0.603069, 0, 0.603069, 1, 0.0077682, 1, 1, 0, 0
516, 0.608722, 0, 0.608722, 1, 0.00773552, 1, 1, 0, 0
517, 0.614913, 0, 0.614913, 1, 0.00768861, 1, 1, 0, 0
518, 0.622563, 0, 0.622563, 1, 0.00762655, 1, 1, 0, 0
519, 0.63369, 0, 0.63369, 1, 0.00754629, 1, 1, 0, 0
520, 0.652229, 0, 0.652229, 1, 0.00744048, 1, 1, 0, 0
521, 0.684252, 0, 0.684252, 1, 0.00729396, 1, 1, 0, 0
522, 0.734348, 0, 0.734348, 1, 0.00708211, 1, 1, 0, 0
523, 0.796073, 0, 0.796073, 1, 0.00677992, 1, 1, 0, 0
524, 0.849591, 0, 0.849591, 1, 0.0063867, 1, 1, 0, 0
525, 0.879872, 0, 0.879872, 1, 0.0059385, 1, 1, 0, 0
526, 0.888727, 0, 0.888727, 1, 0.00548322, 1, 1, 0, 0
527, 0.885292, 0, 0.885292, 1, 0.00505271, 1, 1, 0, 0
528, 0.876588, 0, 0.876588, 1, 0.00465961, 1, 1, 0, 0
529, 0.866161, 0, 0.866161, 1, 0.00430559, 1, 1, 0, 0
530, 0.85266, 0, 0.85266, 1, 0.00398801, 1, 1, 0, 0
531, 0.838492, 0, 0.838492, 1, 0.00370547, 1, 1, 0, 0
532, 0.829149, 0, 0.829149, 1, 0.00345451, 1, 1, 0, 0
533, 0.820425, 0, 0.820425, 1, 0.00322777, 1, 1, 0, 0
534, 0.812097, 0, 0.812097, 1, 0.00302229, 1, 1, 0, 0
535, 0.804074, 0, 0.804074, 1, 0.00283568, 1, 1, 0, 0
536, 0.796278, 0, 0.796278, 1, 0.00266588, 1, 1, 0, 0
537, 0.788636, 0, 0.788636, 1, 0.00251114, 1, 1, 0, 0
538, 0.781082, 0, 0.781082, 1, 0.00236994, 1, 1, 0, 0
539, 0.773558, 0, 0.773558, 1, 0.002241, 1, 1, 0, 0
540, 0.765846, 0, 0.765846, 1, 0.00212317, 1, 1, 0, 0
541, 0.758159, 0, 0.758159, 1, 0.00201558, 1, 1, 0, 0
542, 0.75043, 0, 0.75043, 1, 0.0019173, 1, 1, 0, 0
543, 0.742608, 0, 0.742608, 1, 0.00182755, 1, 1, 0, 0
544, 0.73471, 0, 0.73471, 1, 0.00174566, 1, 1, 0, 0
545, 0.726779, 0, 0.726779, 1, 0.00167101, 1, 1, 0, 0
546, 0.718885, 0, 0.718885, 1, 0.00160303, 1, 1, 0, 0
547, 0.711113, 0, 0.711113, 1, 0.00154118, 1, 1, 0, 0
548, 0.703546, 0, 0.703546, 1, 0.00148494, 1, 1, 0, 0
549, 0.696242, 0, 0.696242, 1, 0.00143381, 1, 1, 0, 0
550, 0.689203, 0, 0.689203, 1, 0.00138734, 1, 1, 0, 0
551, 0.68235, 0, 0.68235, 1, 0.0013451, 1, 1, 0, 0
552, 0.675515, 0, 0.675515, 1, 0.00130676, 1, 1, 0, 0
553, 0.668463, 0, 0.668463, 1, 0.00127207, 1, 1, 0, 0
554, 0.660939, 0, 0.660939, 1, 0.00124091, 1, 1, 0, 0
555, 0.652732, 0, 0.652732, 1, 0.00121325, 1, 1, 0, 0
556, 0.643725, 0, 0.643725, 1, 0.00118917, 1, 1, 0, 0
557, 0.633924, 0, 0.633924, 1, 0.00116882, 1, 1, 0, 0
558, 0.623447, 0, 0.623447, 1, 0.00115234, 1, 1, 0, 0
559, 0.612494, 0, 0.612494, 1, 0.00113989, 1, 1, 0, 0
560, 0.60131, 0, 0.60131, 1, 0.00113158, 1, 1, 0, 0
561, 0.583114, 0, 0.583114, 1, 0.00112748, 1, 1, 0, 0
562, 0.570563, 0, 0.570563, 1, 0.00113032, 1, 1, 0, 0
563, 0.560614, 0, 0.560614, 1, 0.00113811, 1, 1, 0, 0
564, 0.551295, 0, 0.551295, 1, 0.00114999, 1, 1, 0, 0
565, 0.542757, 0, 0.542757, 1, 0.00116589, 1, 1, 0, 0
566, 0.535101, 0, 0.535101, 1, 0.00118571, 1, 1, 0, 0
567, 0.528383, 0, 0.528383, 1, 0.0012093, 1, 1, 0, 0
568, 0.522593, 0, 0.522593, 1, 0.00123648, 1, 1, 0, 0
569, 0.517645, 0, 0.517645, 1, 0.00126706, 1, 1, 0, 0
570, 0.513382, 0, 0.513382, 1, 0.00130087, 1, 1, 0, 0
571, 0.509591, 0, 0.509591, 1, 0.00133779, 1, 1, 0, 0
572, 0.506049, 0, 0.506049, 1, 0.0013778, 1, 1, 0, 0
573, 0.502558, 0, 0.502558, 1, 0.00142099, 1, 1, 0, 0
574, 0.498987, 0, 0.498987, 1, 0.00146756, 1, 1, 0, 0
575, 0.495277, 0, 0.495277, 1, 0.00151782, 1, 1, 0, 0
576, 0.491429, 0, 0.491429, 1, 0.00157215, 1, 1, 0, 0
577, 0.487486, 0, 0.487486, 1, 0.00163096, 1, 1, 0, 0
578, 0.483505, 0, 0.483505, 1, 0.0016947, 1, 1, 0, 0
579, 0.479544, 0, 0.479544, 1, 0.00176383, 1, 1, 0, 0
580, 0.475647, 0, 0.475647, 1, 0.00183879, 1, 1, 0, 0
581, 0.471846, 0, 0.471846, 1, 0.00192008, 1, 1, 0, 0
582, 0.468157, 0, 0.468157, 1, 0.00200817, 1, 1, 0, 0
583, 0.464534, 0, 0.464534, 1, 0.00210361, 1, 1, 0, 0
584, 0.461079, 0, 0.461079, 1, 0.00220701, 1, 1, 0, 0
585, 0.457753, 0, 0.457753, 1, 0.00231895, 1, 1, 0, 0
586, 0.454528, 0, 0.454528, 1, 0.0024401, 1, 1, 0, 0
587, 0.451396, 0, 0.451396, 1, 0.00257121, 1, 1, 0, 0
588, 0.44835, 0, 0.44835, 1, 0.00271312, 1, 1, 0, 0
589, 0.445383, 0, 0.445383, 1, 0.00286674, 1, 1, 0, 0
590, 0.442498, 0, 0.442498, 1, 0.00303308, 1, 1, 0, 0
591, 0.439701, 0, 0.439701, 1, 0.00321325, 1, 1, 0, 0
592, 0.437018, 0, 0.437018, 1, 0.00340844, 1, 1, 0, 0
593, 0.434353, 0, 0.434353, 1, 0.00361991, 1, 1, 0, 0
594, 0.429185, 0, 0.429185, 1, 0.00384921, 1, 1, 0, 0
595, 0.427398, 0, 0.427398, 1, 0.00410284, 1, 1, 0, 0
596, 0.426293, 0, 0.426293, 1, 0.00437684, 1, 1, 0, 0
597, 0.426409, 0, 0.426409, 1, 0.00467156, 1, 1, 0, 0
598, 0.428435, 0, 0.428435, 1, 0.00498585, 1, 1, 0, 0
599, 0.433301, 0, 0.433301, 1, 0.00531624, 1, 1, 0, 0
600, 0.441995, 0, 0.441995, 1, 0.00565574, 1, 1, 0, 0
601, 0.455063, 0, 0.455063, 1, 0.00599306, 1, 1, 0, 0
602, 0.47192, 0, 0.47192, 1, 0.00631359, 1, 1, 0, 0
603, 0.490607, 0, 0.490607, 1, 0.00660306, 1, 1, 0, 0
604, 0.508614, 0, 0.508614, 1, 0.00685237, 1, 1, 0, 0
605, 0.524173, 0, 0.524173, 1, 0.00706002, 1, 1, 0, 0
606, 0.5368, 0, 0.5368, 1, 0.00723025, 1, 1, 0, 0
607, 0.546918, 0, 0.546918, 1, 0.00736942, 1, 1, 0, 0
608, 0.555247, 0, 0.555247, 1, 0.00748327, 1, 1, 0, 0
609, 0.562437, 0, 0.562437, 1, 0.00757594, 1, 1, 0, 0
610, 0.56895, 0, 0.56895, 1, 0.00765006, 1, 1, 0, 0
611, 0.575082, 0, 0.575082, 1, 0.00770712, 1, 1, 0, 0
612, 0.581001, 0, 0.581001, 1, 0.00774798, 1, 1, 0, 0
613, 0.586793, 0, 0.586793, 1, 0.00777313, 1, 1, 0, 0
614, 0.587407, 0, 0.587407, 1, 0.0077829, 1, 1, 0, 0
615, 0.592457, 0, 0.592457, 1, 0.00779105, 1, 1, 0, 0
616, 0.597958, 0, 0.597958, 1, 0.00778587, 1, 1, 0, 0
617, 0.603466, 0, 0.603466, 1, 0.00776632, 1, 1, 0, 0
618, 0.609141, 0, 0.609141, 1, 0.00773263, 1, 1, 0, 0
619, 0.615396, 0, 0.615396, 1, 0.00768469, 1, 1, 0, 0
620, 0.623212, 0, 0.623212, 1, 0.00762145, 1, 1, 0, 0
621, 0.634711, 0, 0.634711, 1, 0.00753968, 1, 1, 0, 0
622, 0.653996, 0, 0.653996, 1, 0.00743157, 1, 1, 0, 0
623, 0.687229, 0, 0.687229, 1, 0.00728128, 1, 1, 0, 0
624, 0.738567, 0, 0.738567, 1, 0.00706367, 1, 1, 0, 0
625, 0.800447, 0, 0.800447, 1, 0.00675452, 1, 1, 0, 0
626, 0.852605, 0, 0.852605, 1, 0.00635581, 1, 1, 0, 0
627, 0.88112, 0, 0.88112, 1, 0.0059056, 1, 1, 0, 0
628, 0.888784, 0, 0.888784, 1, 0.00545129, 1, 1, 0, 0
629, 0.884784, 0, 0.884784, 1, 0.00502322, 1, 1, 0, 0
630, 0.875872, 0, 0.875872, 1, 0.00463295, 1, 1, 0, 0
631, 0.865394, 0, 0.865394, 1, 0.00428166, 1, 1, 0, 0
632, 0.851415, 0, 0.851415, 1, 0.00396654, 1, 1, 0, 0
633, 0.837797, 0, 0.837797, 1, 0.0036866, 1, 1, 0, 0
634, 0.828508, 0, 0.828508, 1, 0.00343748, 1, 1, 0, 0
635, 0.819816, 0, 0.819816, 1, 0.00321236, 1, 1, 0, 0
636, 0.811512, 0, 0.811512, 1, 0.00300831, 1, 1, 0, 0
637, 0.803509, 0, 0.803509, 1, 0.00282297, 1, 1, 0, 0
638, 0.795726, 0, 0.795726, 1, 0.00265431, 1, 1, 0, 0
639, 0.788092, 0, 0.788092, 1, 0.00250058, 1, 1, 0, 0
640, 0.780542, 0, 0.780542, 1, 0.0023603, 1, 1, 0, 0
641, 0.773018, 0, 0.773018, 1, 0.00223219, 1, 1, 0, 0
642, 0.765287, 0, 0.765287, 1, 0.00211512, 1, 1, 0, 0
643, 0.757608, 0, 0.757608, 1, 0.00200823, 1, 1, 0, 0
644, 0.749872, 0, 0.749872, 1, 0.00191059, 1, 1, 0, 0
645, 0.742044, 0, 0.742044, 1, 0.00182143, 1, 1, 0, 0
646, 0.734141, 0, 0.734141, 1, 0.00174008, 1, 1, 0, 0
647, 0.726211, 0, 0.726211, 1, 0.00166592, 1, 1, 0, 0
648, 0.718323, 0, 0.718323, 1, 0.0015984, 1, 1, 0, 0
649, 0.710562, 0, 0.710562, 1, 0.00153696, 1, 1, 0, 0
650, 0.703013, 0, 0.703013, 1, 0.00148111, 1, 1, 0, 0
651, 0.695729, 0, 0.695729, 1, 0.00143033, 1, 1, 0, 0
652, 0.688707, 0, 0.688707, 1, 0.00138417, 1, 1, 0, 0
653, 0.681862, 0, 0.681862, 1, 0.00134223, 1, 1, 0, 0
654, 0.67502, 0, 0.67502, 1, 0.00130415, 1, 1, 0, 0
655, 0.667942, 0, 0.667942, 1, 0.00126972, 1, 1, 0, 0
656, 0.660376, 0, 0.660376, 1, 0.0012388, 1, 1, 0, 0
657, 0.652113, 0, 0.652113, 1, 0.0012114, 1, 1, 0, 0
658, 0.643048, 0, 0.643048, 1, 0.00118759, 1, 1, 0, 0
659, 0.633194, 0, 0.633194, 1, 0.00116751, 1, 1, 0, 0
660, 0.622675, 0, 0.622675, 1, 0.00115131, 1, 1, 0, 0
661, 0.611697, 0, 0.611697, 1, 0.00113916, 1, 1, 0, 0
662, 0.600506, 0, 0.600506, 1, 0.00113115, 1, 1, 0, 0
663, 0.581689, 0, 0.581689, 1, 0.00112735, 1, 1, 0, 0
664, 0.569834, 0, 0.569834, 1, 0.00113074, 1, 1, 0, 0
665, 0.559923, 0, 0.559923, 1, 0.00113882, 1, 1, 0, 0
666, 0.550656, 0, 0.550656, 1, 0.00115099, 1, 1, 0, 0
667, 0.542178, 0, 0.542178, 1, 0.00116718, 1, 1, 0, 0
668, 0.534589, 0, 0.534589, 1, 0.00118728, 1, 1, 0, 0
669, 0.527938, 0, 0.527938, 1, 0.00121113, 1, 1, 0, 0
670, 0.522212, 0, 0.522212, 1, 0.00123856, 1, 1, 0, 0
671, 0.517319, 0, 0.517319, 1, 0.00126938, 1, 1, 0, 0
672, 0.513097, 0, 0.513097, 1, 0.00130341, 1, 1, 0, 0
673, 0.509332, 0, 0.509332, 1, 0.00134055, 1, 1, 0, 0
674, 0.505799, 0, 0.505799, 1, 0.00138079, 1, 1, 0, 0
675, 0.502306, 0, 0.502306, 1, 0.00142421, 1, 1, 0, 0
676, 0.498726, 0, 0.498726, 1, 0.00147103, 1, 1, 0, 0
677, 0.495005, 0, 0.495005, 1, 0.00152157, 1, 1, 0, 0
678, 0.491149, 0, 0.491149, 1, 0.00157621, 1, 1, 0, 0
679, 0.487201, 0, 0.487201, 1, 0.00163536, 1, 1, 0, 0
680, 0.48322, 0, 0.48322, 1, 0.00169947, 1, 1, 0, 0
681, 0.479262, 0, 0.479262, 1, 0.001769, 1, 1, 0, 0
682, 0.475371, 0, 0.475371, 1, 0.0018444, 1, 1, 0, 0
683, 0.471577, 0, 0.471577, 1, 0.00192615, 1, 1, 0, 0
684, 0.467897, 0, 0.467897, 1, 0.00201476, 1, 1, 0, 0
685, 0.464278, 0, 0.464278, 1, 0.00211074, 1, 1, 0, 0
686, 0.460838, 0, 0.460838, 1, 0.00221474, 1, 1, 0, 0
687, 0.457519, 0, 0.457519, 1, 0.00232731, 1, 1, 0, 0
688, 0.454301, 0, 0.454301, 1, 0.00244915, 1, 1, 0, 0
689, 0.451175, 0, 0.451175, 1, 0.00258101, 1, 1, 0, 0
690, 0.448135, 0, 0.448135, 1, 0.00272372, 1, 1, 0, 0
691, 0.445174, 0, 0.445174, 1, 0.00287822, 1, 1, 0, 0
692, 0.442294, 0, 0.442294, 1, 0.00304551, 1, 1, 0, 0
693, 0.439505, 0, 0.439505, 1, 0.00322671, 1, 1, 0, 0
694, 0.436831, 0, 0.436831, 1, 0.00342303, 1, 1, 0, 0
695, 0.433958, 0, 0.433958, 1, 0.00363572, 1, 1, 0, 0
696, 0.429039, 0, 0.429039, 1, 0.00386672, 1, 1, 0, 0
697, 0.42729, 0, 0.42729, 1, 0.00412179, 1, 1, 0, 0
698, 0.426254, 0, 0.426254, 1, 0.00439728, 1, 1, 0, 0
699, 0.426481, 0, 0.426481, 1, 0.00469346, 1, 1, 0, 0
700, 0.428677, 0, 0.428677, 1, 0.00500905, 1, 1, 0, 0
701, 0.433786, 0, 0.433786, 1, 0.00534038, 1, 1, 0, 0
702, 0.442785, 0, 0.442785, 1, 0.00568014, 1, 1, 0, 0
703, 0.456161, 0, 0.456161, 1, 0.00601677, 1, 1, 0, 0
704, 0.473229, 0, 0.473229, 1, 0.00633552, 1, 1, 0, 0
705, 0.491948, 0, 0.491948, 1, 0.00662232, 1, 1, 0, 0
706, 0.509823, 0, 0.509823, 1, 0.00686861, 1, 1, 0, 0
707, 0.525174, 0, 0.525174, 1, 0.00707339, 1, 1, 0, 0
708, 0.5376, 0, 0.5376, 1, 0.00724118, 1, 1, 0, 0
709, 0.547566, 0, 0.547566, 1, 0.00737837, 1, 1, 0, 0
710, 0.555794, 0, 0.555794, 1, 0.00749058, 1, 1, 0, 0
711, 0.562921, 0, 0.562921, 1, 0.00758185, 1, 1, 0, 0
712, 0.5694, 0, 0.5694, 1, 0.0076547, 1, 1, 0, 0
713, 0.575512, 0, 0.575512, 1, 0.00771058, 1, 1, 0, 0
714, 0.58142, 0, 0.58142, 1, 0.0077503, 1, 1, 0, 0
715, 0.587204, 0, 0.587204, 1, 0.00777434, 1, 1, 0, 0
716, 0.58741, 0, 0.58741, 1, 0.00778302, 1, 1, 0, 0
717, 0.592853, 0, 0.592853, 1, 0.00779116, 1, 1, 0, 0
718, 0.598351, 0, 0.598351, 1, 0.00778494, 1, 1, 0, 0
719, 0.603864, 0, 0.603864, 1, 0.00776438, 1, 1, 0, 0
720, 0.609562, 0, 0.609562, 1, 0.00772968, 1, 1, 0, 0
721, 0.615887, 0, 0.615887, 1, 0.00768069, 1, 1, 0, 0
722, 0.623877, 0, 0.623877, 1, 0.00761627, 1, 1, 0, 0
723, 0.635769, 0, 0.635769, 1, 0.00753295, 1, 1, 0, 0
724, 0.655833, 0, 0.655833, 1, 0.00742246, 1, 1, 0, 0
725, 0.6903, 0, 0.6903, 1, 0.00726828, 1, 1, 0, 0
726, 0.742842, 0, 0.742842, 1, 0.00704477, 1, 1, 0, 0
727, 0.804762, 0, 0.804762, 1, 0.00672868, 1, 1, 0, 0
728, 0.855484, 0, 0.855484, 1, 0.00632468, 1, 1, 0, 0
729, 0.882257, 0, 0.882257, 1, 0.00587271, 1, 1, 0, 0
730, 0.888782, 0, 0.888782, 1, 0.00541954, 1, 1, 0, 0
731, 0.884253, 0, 0.884253, 1, 0.00499397, 1, 1, 0, 0
732, 0.875149, 0, 0.875149, 1, 0.00460652, 1, 1, 0, 0
733, 0.864627, 0, 0.864627, 1, 0.00425794, 1, 1, 0, 0
734, 0.850174, 0, 0.850174, 1, 0.00394526, 1, 1, 0, 0
735, 0.837106, 0, 0.837106, 1, 0.00366789, 1, 1, 0, 0
736, 0.827871, 0, 0.827871, 1, 0.00342061, 1, 1, 0, 0
737, 0.819209, 0, 0.819209, 1, 0.00319708, 1, 1, 0, 0
738, 0.81093, 0, 0.81093, 1, 0.00299445, 1, 1, 0, 0
739, 0.802945, 0, 0.802945, 1, 0.00281036, 1, 1, 0, 0
740, 0.795175, 0, 0.795175, 1, 0.00264282, 1, 1, 0, 0
741, 0.787549, 0, 0.787549, 1, 0.00249011, 1, 1, 0, 0
742, 0.780003, 0, 0.780003, 1, 0.00235074, 1, 1, 0, 0
743, 0.772479, 0, 0.772479, 1, 0.00222345, 1, 1, 0, 0
744, 0.764727, 0, 0.764727, 1, 0.00210714, 1, 1, 0, 0
745, 0.757057, 0, 0.757057, 1, 0.00200094, 1, 1, 0, 0
746, 0.749315, 0, 0.749315, 1, 0.00190393, 1, 1, 0, 0
747, 0.74148, 0, 0.74148, 1, 0.00181535, 1, 1, 0, 0
748, 0.733574, 0, 0.733574, 1, 0.00173454, 1, 1, 0, 0
749, 0.725644, 0, 0.725644, 1, 0.00166088, 1, 1, 0, 0
750, 0.717762, 0, 0.717762, 1, 0.0015938, 1, 1, 0, 0
751, 0.710014, 0, 0.710014, 1, 0.00153279, 1, 1, 0, 0
752, 0.702482, 0, 0.702482, 1, 0.00147731, 1, 1, 0, 0
753, 0.695218, 0, 0.695218, 1, 0.00142688, 1, 1, 0, 0
754, 0.688213, 0, 0.688213, 1, 0.00138103, 1, 1, 0, 0
755, 0.681375, 0, 0.681375, 1, 0.00133938, 1, 1, 0, 0
756, 0.674524, 0, 0.674524, 1, 0.00130157, 1, 1, 0, 0
757, 0.66742, 0, 0.66742, 1, 0.00126739, 1, 1, 0, 0
758, 0.659809, 0, 0.659809, 1, 0.00123673, 1, 1, 0, 0
759, 0.651492, 0, 0.651492, 1, 0.00120957, 1, 1, 0, 0
760, 0.642368, 0, 0.642368, 1, 0.00118602, 1, 1, 0, 0
761, 0.63246, 0, 0.63246, 1, 0.00116622, 1, 1, 0, 0
762, 0.621901, 0, 0.621901, 1, 0.00115031, 1, 1, 0, 0
763, 0.6109, 0, 0.6109, 1, 0.00113845, 1, 1, 0, 0
764, 0.599704, 0, 0.599704, 1, 0.00113074, 1, 1, 0, 0
765, 0.580272, 0, 0.580272, 1, 0.00112724, 1, 1, 0, 0
766, 0.569109, 0, 0.569109, 1, 0.00113118, 1, 1, 0, 0
767, 0.559237, 0, 0.559237, 1, 0.00113956, 1, 1, 0, 0
768, 0.550022, 0, 0.550022, 1, 0.00115202, 1, 1, 0, 0
769, 0.541605, 0, 0.541605, 1, 0.00116849, 1, 1, 0, 0
770, 0.534082, 0, 0.534082, 1, 0.00118886, 1, 1, 0, 0
771, 0.527499, 0, 0.527499, 1, 0.00121298, 1, 1, 0, 0
772, 0.521836, 0, 0.521836, 1, 0.00124065, 1, 1, 0, 0
773, 0.516998, 0, 0.516998, 1, 0.00127171, 1, 1, 0, 0
774, 0.512816, 0, 0.512816, 1, 0.00130596, 1, 1, 0, 0
775, 0.509074, 0, 0.509074, 1, 0.00134333, 1, 1, 0, 0
776, 0.505549, 0, 0.505549, 1, 0.00138378, 1, 1, 0, 0
777, 0.502054, 0, 0.502054, 1, 0.00142744, 1, 1, 0, 0
778, 0.498465, 0, 0.498465, 1, 0.00147452, 1, 1, 0, 0
779, 0.494733, 0, 0.494733, 1, 0.00152534, 1, 1, 0, 0
780, 0.490869, 0, 0.490869, 1, 0.00158028, 1, 1, 0, 0
781, 0.486917, 0, 0.486917, 1, 0.00163977, 1, 1, 0, 0
782, 0.482936, 0, 0.482936, 1, 0.00170426, 1, 1, 0, 0
783, 0.478981, 0, 0.478981, 1, 0.00177419, 1, 1, 0, 0
784, 0.475097, 0, 0.475097, 1, 0.00185003, 1, 1, 0, 0
785, 0.47131, 0, 0.47131, 1, 0.00193226, 1, 1, 0, 0
786, 0.467639, 0, 0.467639, 1, 0.00202137, 1, 1, 0, 0
787, 0.464024, 0, 0.464024, 1, 0.0021179, 1, 1, 0, 0
788, 0.460597, 0, 0.460597, 1, 0.00222249, 1, 1, 0, 0
789, 0.457285, 0, 0.457285, 1, 0.00233571, 1, 1, 0, 0
790, 0.454074, 0, 0.454074, 1, 0.00245824, 1, 1, 0, 0
791, 0.450955, 0, 0.450955, 1, 0.00259084, 1, 1, 0, 0
792, 0.44792, 0, 0.44792, 1, 0.00273437, 1, 1, 0, 0
793, 0.444965, 0, 0.444965, 1, 0.00288974, 1, 1, 0, 0
794, 0.442092, 0, 0.442092, 1, 0.00305799, 1, 1, 0, 0
795, 0.43931, 0, 0.43931, 1, 0.00324024, 1, 1, 0, 0
796, 0.436646, 0, 0.436646, 1, 0.00343768, 1, 1, 0, 0
797, 0.433565, 0, 0.433565, 1, 0.00365159, 1, 1, 0, 0
798, 0.428895, 0, 0.428895, 1, 0.0038843, 1, 1, 0, 0
799, 0.427185, 0, 0.427185, 1, 0.00414081, 1, 1, 0, 0
800, 0.426221, 0, 0.426221, 1, 0.00441779, 1, 1, 0, 0
